Age,Income,Salary,Rating,Annual_Income,Customer_Support_Calls,House_Price,Square_Feet,Temperature,City,Product_Type,Location,Diagnosis,Cabin,Embarked,Gender,Target,Price_Target
40.0,9165.0,55361,2.9,,,495310.0,2091,15.1,Dhaka,Unknown,A,,,S,Male,0,280.32
33.0,5522.0,48717,,52868.0,1.0,368695.0,1504,28.3,Chittagong,C,C,Type3,,S,Female,1,314.83
42.0,50589.0,64787,3.1,79526.0,2.0,453606.0,2052,22.0,Sylhet,A,C,Type1,,C,Female,0,252.43
53.0,61289.0,80106,3.6,107581.0,1.0,359753.0,2075,22.7,Rajshahi,C,B,Type2,,S,Female,0,239.21
32.0,1604.0,31872,4.0,89654.0,1.0,228869.0,1248,,Rajshahi,A,C,Type2,,S,Female,0,179.51
32.0,,61725,3.1,64689.0,2.0,311712.0,2497,18.6,Chittagong,A,B,Type3,,S,Male,0,248.02
53.0,2668.0,57598,3.2,81429.0,3.0,323622.0,1559,24.8,Chittagong,C,C,Type3,,S,Female,1,268.01
,38967.0,70070,2.8,68983.0,1.0,206084.0,2045,20.7,Dhaka,C,B,Type2,Cabin_B,C,Female,0,159.01
29.0,,63197,3.5,75197.0,,261561.0,2582,18.0,Khulna,A,A,Type2,Cabin_B,S,Male,0,303.45
,,48720,2.8,,1.0,279423.0,2462,25.4,Dhaka,A,B,Type3,,S,Female,0,214.4
29.0,62603.0,55214,4.0,70891.0,,460561.0,2017,30.0,Dhaka,Unknown,B,Type2,Cabin_C,C,Male,0,240.19
,80905.0,48059,,80302.0,1.0,91925.0,1818,26.1,Rajshahi,C,B,Type1,,S,Female,0,279.89
37.0,20734.0,76140,3.2,50166.0,1.0,420581.0,2473,27.1,Dhaka,C,A,Type1,,C,Male,0,249.63
12.0,84322.0,60319,3.7,49603.0,3.0,206320.0,2337,19.9,Dhaka,A,C,,Cabin_D,Q,Male,0,320.17
14.0,4175.0,88517,3.6,40286.0,3.0,162792.0,1690,14.5,Dhaka,A,A,Type2,Cabin_G,S,Male,0,281.44
,112602.0,59090,5.7,34993.0,1.0,417994.0,1602,30.0,Dhaka,A,A,Type3,,S,Female,1,242.58
22.0,39658.0,49373,3.8,,,373189.0,963,32.8,Dhaka,A,B,Type1,,S,Female,0,93.99
,84994.0,37294,2.7,78986.0,3.0,425451.0,2077,30.2,Dhaka,A,B,Type2,,C,Female,0,299.81
24.0,30103.0,32952,3.4,52680.0,3.0,380070.0,1958,20.8,Rajshahi,A,B,Type3,Cabin_C,S,Female,0,191.02
18.0,51581.0,36237,2.1,87840.0,3.0,505984.0,2568,16.7,Khulna,B,C,Type3,,S,Female,0,292.59
52.0,37369.0,64006,3.4,75867.0,0.0,355872.0,2179,17.2,Dhaka,A,B,Type2,Cabin_B,C,Female,0,274.51
,65761.0,67630,2.8,,0.0,284352.0,2667,14.1,Khulna,C,B,Type1,,S,Male,0,240.06
,4257.0,36282,,91374.0,,334292.0,1651,22.0,Dhaka,A,C,Type1,Cabin_E,S,Female,0,297.66
17.0,3112.0,73425,3.1,95269.0,4.0,424346.0,2569,30.5,Dhaka,B,A,Type1,,C,Female,0,276.05
28.0,14191.0,52754,3.4,50153.0,1.0,222062.0,1735,21.8,Dhaka,A,B,Type1,,S,Male,0,266.42
36.0,8690.0,62201,3.0,85504.0,3.0,234811.0,2388,24.0,Chittagong,B,C,Type1,,C,Male,0,164.18
21.0,102701.0,84183,4.9,53587.0,0.0,269103.0,1270,29.4,Chittagong,A,A,Type2,,C,Female,0,251.99
39.0,12372.0,73452,3.2,77441.0,0.0,89541.0,2117,20.5,Chittagong,Unknown,B,Type1,,S,Male,0,187.86
27.0,186205.0,55972,5.0,43387.0,4.0,313807.0,1007,32.7,Rajshahi,C,C,Type1,,Q,Female,0,195.2
,20541.0,46632,4.2,30172.0,1.0,111387.0,1866,32.5,Chittagong,B,B,Type1,,S,Male,0,231.94
27.0,10051.0,27722,,65429.0,2.0,305305.0,2220,21.8,Chittagong,A,B,Type2,Cabin_C,Q,Female,0,323.17
,77960.0,49212,3.8,71906.0,4.0,386528.0,1739,19.6,Sylhet,B,C,Type2,Cabin_C,S,Male,0,268.27
34.0,,56833,3.8,65058.0,1.0,252312.0,1474,26.0,,C,A,Type2,Cabin_C,S,Male,0,271.56
,34477.0,45192,,,0.0,467711.0,2423,20.8,Dhaka,A,A,,,S,Female,0,288.52
44.0,40524.0,58031,3.3,65002.0,1.0,,1948,16.7,Rajshahi,B,C,Type2,Cabin_G,S,Female,0,206.27
20.0,63505.0,61152,4.2,81732.0,2.0,419126.0,1755,Unknown,Chittagong,C,C,Type1,Cabin_G,C,Male,0,171.18
,12967.0,56627,3.5,73877.0,1.0,,2020,28.6,Dhaka,C,B,Type1,,C,Male,1,162.3
11.0,280431.0,50249,2.4,79562.0,1.0,128396.0,3318,Unknown,Dhaka,C,B,Type3,Cabin_G,C,Male,0,261.55
19.0,184031.0,62529,3.5,58247.0,1.0,571079.0,2576,16.2,,C,C,Type3,,S,Male,0,299.33
,,66629,,104292.0,3.0,293625.0,2581,16.4,Chittagong,Unknown,C,Type2,Cabin_B,S,Female,0,295.64
,11128.0,43644,4.5,45595.0,1.0,212251.0,2217,Unknown,Dhaka,B,A,Type3,,C,Male,0,208.45
37.0,57007.0,81163,3.5,87189.0,1.0,,2083,20.0,Sylhet,B,A,,,S,Male,0,317.77
,3746.0,58521,4.3,104547.0,3.0,277998.0,801,20.8,Rajshahi,C,B,Type1,,C,Female,0,352.15
31.0,1556.0,60282,3.2,87022.0,1.0,287259.0,1660,27.6,Chittagong,C,C,Type3,Cabin_A,C,Female,1,280.38
17.0,14898.0,70623,,69936.0,2.0,,1759,26.2,Rajshahi,Unknown,C,,Cabin_G,S,Female,0,324.36
26.0,31052.0,63498,2.8,61792.0,0.0,270220.0,1062,29.4,Khulna,A,C,Type3,,C,Female,1,293.66
29.0,101350.0,74297,4.8,100902.0,1.0,363322.0,1421,17.5,Dhaka,B,C,Type1,Cabin_F,C,Female,0,238.51
47.0,,64306,3.3,39425.0,3.0,261237.0,1009,20.8,Dhaka,A,B,Type2,,C,Female,0,216.77
39.0,67876.0,50813,3.3,50746.0,1.0,106503.0,1980,,Chittagong,A,B,Type2,,S,Male,0,169.35
13.0,27712.0,65422,3.3,65061.0,4.0,285063.0,2409,,,A,C,Type2,,S,Male,0,227.76
38.0,21227.0,42844,5.0,105941.0,2.0,63252.0,2553,Unknown,Dhaka,C,C,Type1,,S,Male,0,238.16
30.0,23184.0,61628,4.8,,0.0,335377.0,2207,24.6,Sylhet,A,B,Type1,,S,Female,0,239.26
,219703.0,59501,5.3,50798.0,4.0,,1518,31.7,Chittagong,C,A,Type2,,S,Female,1,244.37
42.0,,56878,3.4,67242.0,2.0,316336.0,1033,25.2,Dhaka,C,C,,Cabin_D,C,Male,0,135.32
47.0,100882.0,58071,3.7,59641.0,1.0,431407.0,1121,27.8,Dhaka,A,B,Type3,,C,Male,0,288.95
46.0,43217.0,31772,,57255.0,1.0,205125.0,1365,20.9,Dhaka,A,B,Type2,Cabin_B,S,Female,0,294.75
24.0,28867.0,51769,4.7,,2.0,406125.0,1555,22.6,Rajshahi,B,B,,Cabin_B,S,Female,0,268.55
31.0,64596.0,61392,2.6,40706.0,1.0,256661.0,1920,Unknown,Sylhet,C,B,,,Q,Male,0,191.53
38.0,33341.0,62397,3.7,115219.0,2.0,,1492,,Chittagong,C,A,Type1,Cabin_E,S,Male,0,268.35
46.0,103345.0,44584,,95705.0,2.0,263484.0,2169,26.1,Sylhet,C,C,Type1,Cabin_B,C,Male,0,251.13
29.0,115481.0,78985,3.0,102271.0,1.0,215950.0,1883,22.1,Khulna,Unknown,A,,,Q,Male,0,273.72
32.0,,47007,2.8,63426.0,1.0,,2005,29.4,Chittagong,B,A,,,C,Male,0,327.56
21.0,,74541,3.0,71251.0,5.0,256421.0,2570,11.5,Rajshahi,Unknown,B,Type1,,Q,Female,0,241.08
20.0,,66407,3.1,39171.0,1.0,215855.0,1409,15.4,Chittagong,C,C,Type1,Cabin_D,C,Male,0,259.08
44.0,121727.0,50306,3.1,61883.0,6.0,252216.0,2209,25.9,Chittagong,C,C,Type2,,S,Male,0,206.78
51.0,11828.0,86629,4.2,87341.0,4.0,295539.0,1993,22.6,Dhaka,A,C,Type1,,S,Female,0,296.08
34.0,,42095,2.6,107401.0,2.0,434218.0,1833,25.5,Rajshahi,Unknown,C,Type2,,S,Male,0,285.14
47.0,49923.0,73787,3.7,47321.0,1.0,106591.0,2442,22.8,,B,A,,Cabin_B,S,Female,0,260.83
,66046.0,75008,4.5,65862.0,1.0,302308.0,2439,25.4,Khulna,C,A,Type2,,C,Female,0,197.34
,,49940,3.1,,3.0,362490.0,1526,18.4,Khulna,A,B,Type1,,S,Male,0,215.83
39.0,62908.0,80886,2.9,40105.0,2.0,319344.0,1908,25.4,Dhaka,B,A,Type1,,C,Male,0,158.44
53.0,119862.0,56249,3.3,89783.0,1.0,,2140,27.5,Dhaka,A,C,Type3,,S,Female,0,215.24
34.0,9903.0,64330,4.4,56900.0,4.0,292565.0,1863,28.6,,A,B,Type3,,S,Female,1,285.47
53.0,13560.0,63904,3.7,70115.0,2.0,281544.0,2292,32.6,Chittagong,A,C,Type1,Cabin_F,Q,Female,0,269.79
3.0,177708.0,57985,3.1,,1.0,,2140,23.7,Dhaka,C,A,,,S,Male,0,257.98
44.0,9982.0,72162,,55266.0,3.0,309931.0,2916,23.9,Chittagong,A,B,Type1,,C,Male,0,324.21
36.0,96339.0,71902,2.6,74823.0,2.0,260959.0,1234,14.9,Dhaka,A,B,,Cabin_D,C,Male,0,265.23
31.0,33891.0,33772,4.0,69609.0,,351614.0,1938,19.8,Dhaka,A,A,,,S,Male,0,221.14
36.0,14199.0,79565,3.8,65703.0,4.0,234747.0,1545,21.5,Dhaka,B,B,Type2,,S,Male,0,215.0
11.0,,35062,3.3,56788.0,1.0,238882.0,2302,27.8,Dhaka,A,B,Type3,,S,Female,0,238.41
32.0,,75488,,82988.0,4.0,247200.0,1191,19.4,,A,B,Type3,Cabin_C,C,Male,0,227.49
39.0,36161.0,76900,2.8,116340.0,0.0,435306.0,2173,26.5,Sylhet,B,B,Type3,,C,Male,0,297.65
52.0,22254.0,43635,3.9,78497.0,3.0,-22101.0,1684,22.5,Chittagong,C,A,Type1,,S,Female,0,271.07
,,53837,4.5,99902.0,3.0,339559.0,1632,Unknown,Chittagong,A,B,Type1,,C,Male,0,234.02
25.0,8927.0,43414,3.0,,2.0,303427.0,1276,23.7,Dhaka,A,B,,,S,Male,0,235.92
28.0,,56776,3.9,78944.0,3.0,131912.0,1767,20.5,Chittagong,A,A,Type3,Cabin_B,C,Male,0,285.16
,174357.0,55379,1.8,47565.0,1.0,330972.0,2542,20.4,Dhaka,Unknown,B,Type3,Cabin_C,Q,Female,0,300.55
,14929.0,71694,3.0,,4.0,347575.0,1987,14.0,Chittagong,B,A,Type2,,Q,Female,0,157.83
28.0,53462.0,79654,3.5,56515.0,3.0,358963.0,2313,21.3,Sylhet,B,B,Type1,Cabin_D,C,Male,0,241.44
41.0,19666.0,80935,,104797.0,0.0,34817.0,2832,20.1,Dhaka,A,A,Type1,Cabin_F,S,Male,0,254.57
,74244.0,51567,2.8,,2.0,436638.0,2131,19.9,Rajshahi,B,B,Type1,Cabin_F,Q,Male,0,277.41
46.0,7013.0,56861,3.0,81075.0,1.0,226226.0,1720,24.6,Dhaka,A,B,Type2,,S,Female,0,255.65
,175030.0,34748,3.7,36682.0,0.0,368656.0,2233,25.8,Dhaka,A,B,Type1,Cabin_G,C,Female,0,270.36
31.0,30237.0,47911,3.4,70092.0,3.0,374107.0,1727,23.7,Dhaka,B,C,Type1,Cabin_E,S,Male,0,238.15
30.0,13462.0,74472,1.7,82542.0,1.0,212330.0,1747,27.5,Dhaka,B,B,,Cabin_A,Q,Male,0,209.71
17.0,,84233,1.8,79388.0,1.0,366045.0,1240,25.4,Dhaka,A,B,Type1,,C,Male,0,289.21
38.0,9301.0,41484,3.0,28905.0,1.0,261450.0,2463,21.0,Dhaka,C,C,Type2,Cabin_C,C,Male,0,290.8
38.0,36674.0,51113,3.9,52742.0,4.0,92862.0,1806,20.2,Chittagong,Unknown,B,Type1,,S,Female,0,282.59
35.0,20549.0,59603,1.3,73398.0,3.0,416774.0,2091,24.1,Dhaka,B,C,Type3,,C,Female,0,291.49
32.0,,64202,3.1,,0.0,222495.0,1482,25.4,Rajshahi,B,B,,Cabin_D,C,Male,0,201.41
,28183.0,47855,3.1,20096.0,1.0,,2217,29.5,Khulna,Unknown,B,Type3,,C,Female,0,224.63
29.0,,66360,4.6,70946.0,4.0,,1619,28.5,Chittagong,C,C,Type2,Cabin_D,S,Female,0,305.99
30.0,48004.0,52892,3.2,78576.0,2.0,327223.0,1929,19.8,Dhaka,B,A,Type3,Cabin_D,S,Male,0,267.81
25.0,61341.0,59783,3.8,,1.0,294272.0,2438,22.0,Dhaka,C,B,Type3,Cabin_E,S,Male,0,252.81
33.0,9138.0,68194,3.6,92321.0,2.0,354806.0,2395,25.9,Khulna,A,A,Type2,Cabin_B,S,Male,0,237.41
39.0,9173.0,60096,1.8,,1.0,166051.0,1988,27.8,Chittagong,B,B,Type3,,S,Male,0,313.39
57.0,1868.0,53454,4.1,55001.0,3.0,,1115,27.2,Chittagong,A,A,Type1,,S,Female,0,161.48
37.0,66666.0,58355,3.7,,3.0,288400.0,3496,22.2,Dhaka,A,B,Type2,Cabin_E,S,Male,1,264.7
,,58674,3.9,65173.0,6.0,489788.0,2872,16.2,Chittagong,B,C,,,S,Male,0,246.67
,32182.0,54449,6.6,100040.0,,288618.0,2361,17.5,Dhaka,A,C,Type2,Cabin_B,S,Male,0,187.37
,92949.0,56118,1.8,109836.0,3.0,408522.0,1623,23.9,Sylhet,C,B,Type3,,Q,Male,0,330.83
34.0,81909.0,83979,4.9,92763.0,1.0,303855.0,1943,Unknown,,B,C,,,S,Female,0,115.47
35.0,,68413,3.3,,4.0,251634.0,1728,17.0,Dhaka,B,B,Type1,Cabin_D,S,Male,0,256.06
,,55567,3.7,84490.0,2.0,275327.0,2631,22.7,Chittagong,A,B,Type2,Cabin_B,S,Male,0,276.42
,11523.0,70454,3.5,61097.0,3.0,283158.0,2131,25.7,Dhaka,A,C,Type1,,C,Female,1,201.25
38.0,,54992,3.2,,1.0,360364.0,1607,16.7,Chittagong,B,C,Type2,,Q,Male,0,263.86
34.0,15718.0,77596,3.0,116726.0,2.0,437461.0,1764,28.0,Khulna,Unknown,C,,,S,Male,0,238.78
20.0,2939.0,65544,,51436.0,2.0,335968.0,2560,,Chittagong,A,A,Type3,Cabin_A,S,Male,0,299.4
48.0,37875.0,58390,2.3,115369.0,2.0,418707.0,2800,28.8,Dhaka,A,B,Type1,Cabin_C,Q,Female,0,425.68
,137919.0,66715,4.1,66949.0,,203521.0,2764,19.8,Dhaka,C,C,Type1,,S,Male,0,266.93
44.0,2006.0,36436,3.2,108135.0,4.0,258536.0,2378,17.4,Khulna,A,B,Type3,,S,Male,0,280.2
24.0,6511.0,43098,2.6,39829.0,,227569.0,1873,Unknown,Chittagong,C,B,Type2,,S,Male,0,201.24
,30092.0,42091,3.1,89647.0,1.0,,379,Unknown,Chittagong,B,B,Type1,,S,Female,0,260.74
18.0,135810.0,62144,,56580.0,2.0,264104.0,2148,20.6,Dhaka,B,C,Type2,,Q,Male,0,231.35
42.0,19001.0,85987,3.1,39618.0,2.0,372977.0,1999,21.4,Dhaka,A,A,Type1,,S,Male,0,288.94
61.0,35386.0,93469,3.8,80463.0,5.0,206899.0,2069,24.2,,A,B,Type3,,Q,Male,0,178.7
23.0,2123.0,69570,2.9,100236.0,0.0,304303.0,2026,21.6,Chittagong,A,A,Type2,,Q,Female,0,196.32
28.0,8028.0,67512,4.1,53876.0,0.0,368685.0,1336,22.2,Chittagong,C,B,Type1,,S,Female,0,309.0
36.0,215737.0,32984,4.0,37524.0,,93469.0,2278,14.0,Chittagong,C,C,Type2,,S,Male,0,260.5
28.0,167790.0,51859,5.0,72703.0,1.0,512163.0,2316,24.5,Rajshahi,C,A,Type1,,S,Male,0,316.19
16.0,,48183,3.4,72814.0,,271684.0,2341,22.1,,C,B,Type3,,S,Female,0,268.19
35.0,151632.0,50687,4.0,88707.0,4.0,97496.0,2473,30.6,Dhaka,A,B,Type3,Cabin_C,S,Male,0,275.49
22.0,50960.0,57477,3.6,,2.0,315809.0,2302,17.8,Chittagong,B,A,Type3,,C,Female,0,234.52
40.0,101216.0,52918,4.5,,1.0,,1794,13.5,Rajshahi,B,B,,,S,Female,0,240.32
23.0,30324.0,30310,2.9,121387.0,1.0,291810.0,1964,,,C,A,Type1,Cabin_C,Q,Female,0,298.22
53.0,,71218,4.1,80605.0,,,2045,24.2,Khulna,A,B,,,S,Male,0,242.84
25.0,33554.0,43908,3.3,66339.0,1.0,374744.0,2053,17.5,Dhaka,B,B,Type2,,C,Female,0,309.18
31.0,54960.0,63588,3.4,34710.0,8.0,329787.0,2499,14.9,Dhaka,C,C,Type2,,Q,Female,0,244.51
,,91111,3.6,68433.0,0.0,345015.0,2321,30.2,Sylhet,B,C,Type2,,S,Male,0,191.02
20.0,1521.0,46209,3.7,66590.0,1.0,289564.0,3038,29.6,Chittagong,A,B,,,S,Male,0,186.46
37.0,18403.0,22045,3.4,,3.0,477549.0,3103,10.1,Chittagong,B,A,Type1,,S,Male,1,241.41
,60984.0,55709,3.7,86562.0,1.0,152080.0,2039,20.2,,A,C,Type1,,S,Female,0,295.79
15.0,11273.0,76514,4.8,45515.0,3.0,313965.0,81,,Chittagong,C,B,Type1,,S,Female,0,216.75
,55955.0,89375,4.3,79306.0,2.0,306502.0,2618,20.1,Dhaka,Unknown,A,,Cabin_A,S,Male,0,286.59
38.0,,41556,4.2,91788.0,2.0,381328.0,1729,20.0,Rajshahi,B,C,Type1,,S,Female,0,255.04
44.0,,67450,3.1,,1.0,215614.0,1599,21.1,Khulna,B,A,,,Q,Male,1,280.31
,55828.0,53020,2.8,,2.0,125632.0,1800,16.9,Chittagong,C,B,Type1,,S,Male,0,235.52
19.0,29326.0,58410,4.3,94021.0,0.0,315682.0,1776,14.0,Chittagong,A,B,Type1,,S,Male,0,259.15
41.0,101301.0,99665,,76502.0,1.0,328123.0,2306,27.8,Dhaka,A,B,,,S,Male,0,296.94
38.0,,37455,4.7,84707.0,0.0,448959.0,1220,13.3,Dhaka,Unknown,C,Type1,,S,Male,0,249.14
38.0,58984.0,63806,3.0,106237.0,,172963.0,1461,23.7,Dhaka,C,B,,,S,Female,0,223.76
39.0,91043.0,67015,3.3,41680.0,4.0,415469.0,2171,26.9,Dhaka,A,A,,,Q,Female,0,159.11
26.0,144671.0,76286,2.2,66264.0,3.0,536741.0,2311,15.2,Sylhet,A,C,Type2,Cabin_F,S,Male,0,277.08
37.0,57481.0,61469,3.2,55685.0,,262223.0,2320,17.9,Rajshahi,C,C,Type3,,S,Female,0,211.42
38.0,34375.0,64620,4.3,84478.0,2.0,170905.0,1606,28.6,Rajshahi,C,B,,,S,Female,0,223.97
26.0,48096.0,54125,3.1,105755.0,1.0,259302.0,1510,Unknown,Chittagong,C,B,Type2,Cabin_D,S,Male,0,196.46
57.0,101591.0,64036,4.0,60075.0,4.0,301400.0,1746,19.4,Dhaka,A,A,,,S,Female,0,238.5
40.0,42269.0,54852,3.3,15242.0,1.0,356378.0,2119,28.5,Sylhet,Unknown,C,Type2,Cabin_B,C,Female,0,354.88
20.0,1542.0,69323,,64694.0,0.0,240860.0,2742,28.5,Dhaka,B,A,,,S,Male,0,267.6
42.0,133645.0,54455,2.6,97836.0,3.0,455519.0,976,23.8,Dhaka,C,A,Type2,,S,Female,0,217.79
23.0,58482.0,65656,3.6,88440.0,1.0,,1889,Unknown,Chittagong,B,B,Type3,,C,Female,0,227.18
44.0,56429.0,59561,1.1,85704.0,,126079.0,1333,20.4,Khulna,A,A,,,S,Female,0,178.06
48.0,12146.0,76890,3.4,68000.0,0.0,410671.0,1173,23.9,Khulna,Unknown,A,Type1,,S,Female,0,193.47
25.0,53776.0,59229,2.2,,2.0,72537.0,2483,21.6,Dhaka,A,B,Type1,,Q,Female,0,185.52
46.0,25032.0,33404,4.5,87882.0,2.0,279587.0,2272,27.2,Khulna,A,A,Type1,,S,Male,0,263.52
39.0,,78928,4.1,,1.0,611768.0,2224,14.9,Dhaka,C,A,Type1,,C,Male,0,272.34
44.0,5635.0,46414,3.9,129602.0,3.0,298795.0,2460,15.0,Dhaka,B,A,Type1,,S,Male,0,253.88
57.0,53624.0,50193,4.7,89262.0,3.0,187923.0,1760,23.4,Khulna,C,A,Type1,,S,Male,0,268.49
32.0,372086.0,51065,2.7,,1.0,294260.0,1783,20.0,Khulna,B,C,Type1,,S,Male,0,211.69
,2470.0,80616,4.9,59715.0,1.0,294919.0,3092,19.4,Chittagong,B,C,Type1,,S,Female,0,192.59
24.0,188993.0,27964,4.2,72676.0,,316064.0,1876,13.7,Chittagong,Unknown,B,Type3,,S,Female,0,192.27
25.0,26120.0,107066,3.3,69012.0,1.0,,2367,22.6,Khulna,A,B,Type1,,S,Male,0,190.05
34.0,102301.0,75840,4.4,102920.0,0.0,196088.0,2003,22.2,Rajshahi,C,A,Type1,Cabin_F,Q,Male,0,267.93
39.0,76251.0,63348,,79660.0,1.0,468754.0,1075,25.8,Khulna,A,A,Type1,,C,Male,0,350.68
,41852.0,59176,2.8,,3.0,324511.0,977,,Chittagong,C,A,,Cabin_A,S,Female,0,197.64
,67056.0,64283,3.0,122261.0,4.0,372679.0,1710,21.8,Sylhet,A,B,Type3,,S,Female,0,232.9
,105398.0,67816,3.1,76232.0,2.0,237185.0,2528,28.4,Sylhet,B,C,Type3,,Q,Female,0,260.14
52.0,25887.0,69678,2.7,94220.0,0.0,428638.0,2394,15.9,Dhaka,C,B,Type1,,C,Female,0,236.05
31.0,19802.0,68334,4.5,59794.0,2.0,,2457,Unknown,Khulna,B,B,Type3,Cabin_D,S,Female,0,266.65
67.0,55069.0,61343,3.3,84077.0,1.0,327755.0,1506,14.1,Chittagong,C,A,,,Q,Female,0,221.23
42.0,82472.0,57039,3.8,82777.0,3.0,206689.0,2807,18.3,Dhaka,C,C,Type1,,S,Male,0,215.98
,71834.0,57730,3.0,27758.0,2.0,200306.0,1517,16.4,Chittagong,C,B,Type2,,S,Female,0,240.88
22.0,79928.0,57076,2.0,125381.0,2.0,368820.0,2106,Unknown,Dhaka,Unknown,C,Type3,,S,Male,0,266.33
40.0,28598.0,77006,,107266.0,2.0,255639.0,1994,22.2,Chittagong,B,B,Type3,Cabin_B,Q,Male,0,314.12
,85141.0,68903,2.0,65070.0,0.0,,1913,22.4,Khulna,A,C,Type3,,Q,Female,0,268.83
43.0,6403.0,15894,3.4,47443.0,,,2669,17.0,Dhaka,A,C,Type3,,Q,Female,0,237.39
,39316.0,69838,2.4,83689.0,2.0,369895.0,1647,21.0,Chittagong,A,C,,,S,Female,0,291.54
34.0,288.0,62921,5.1,77167.0,0.0,237096.0,1325,18.7,Sylhet,A,B,Type2,Cabin_D,Q,Female,0,300.01
24.0,19621.0,59719,4.2,83891.0,2.0,288234.0,2009,24.4,Chittagong,B,B,Type1,Cabin_E,S,Female,0,234.83
16.0,22821.0,54172,3.6,79789.0,2.0,,1800,17.5,Dhaka,A,A,Type3,,S,Female,0,242.7
,25223.0,76861,4.5,87656.0,2.0,108265.0,3688,29.1,Chittagong,A,C,Type1,Cabin_D,S,Female,0,228.64
45.0,59448.0,74212,2.8,111182.0,2.0,,2338,14.1,Chittagong,A,B,Type3,,S,Female,0,291.05
37.0,24596.0,48406,3.9,89202.0,3.0,333627.0,1795,Unknown,Chittagong,C,A,Type1,,C,Male,0,253.71
20.0,29773.0,66105,3.7,48758.0,1.0,226297.0,1471,,Khulna,B,B,,Cabin_F,S,Male,0,179.72
37.0,13560.0,45425,3.7,109064.0,2.0,405672.0,1059,20.3,Chittagong,B,A,Type1,Cabin_G,Q,Female,0,270.31
39.0,23360.0,39305,4.5,116015.0,,396680.0,1487,15.9,Khulna,C,B,Type1,,S,Male,0,324.48
24.0,12891.0,50599,4.1,153801.0,3.0,,2057,23.6,Chittagong,A,B,Type3,,S,Female,0,328.43
,3800.0,72935,3.7,46912.0,2.0,481977.0,2713,20.1,Dhaka,Unknown,B,Type1,,Q,Male,0,226.04
,46247.0,74296,,,4.0,291691.0,2560,,Rajshahi,B,A,Type2,,S,Male,0,215.17
21.0,55163.0,67696,2.7,22947.0,2.0,364888.0,2114,17.0,Rajshahi,A,C,Type1,Cabin_F,C,Female,0,344.89
,48312.0,70876,3.4,88828.0,1.0,241559.0,1838,36.3,Chittagong,C,C,,,C,Female,0,328.34
41.0,31133.0,67742,3.6,61294.0,,545236.0,2134,21.2,Dhaka,C,C,Type1,Cabin_C,S,Female,0,273.37
47.0,23884.0,50377,2.6,123086.0,0.0,498363.0,1740,12.9,Dhaka,B,B,Type1,Cabin_A,C,Male,0,164.39
,99510.0,66478,5.4,55634.0,2.0,301188.0,2859,,Dhaka,C,C,,,S,Male,0,219.68
18.0,36602.0,72006,4.7,32770.0,4.0,338658.0,1905,25.6,Dhaka,A,B,Type2,Cabin_B,Q,Female,0,195.32
23.0,32617.0,71314,4.0,63218.0,1.0,435929.0,1956,18.7,Rajshahi,A,A,Type1,,S,Male,0,340.62
41.0,,77833,3.6,25612.0,0.0,285286.0,892,17.8,Dhaka,A,A,Type2,,S,Female,0,173.72
41.0,20870.0,70624,3.3,93777.0,2.0,234337.0,1902,25.9,Rajshahi,A,B,Type1,,S,Male,0,340.18
41.0,23917.0,65271,2.7,,0.0,387398.0,2418,21.3,Dhaka,A,A,Type1,Cabin_A,S,Female,0,244.72
81.0,25443.0,76052,3.6,75711.0,0.0,307843.0,1466,12.9,Dhaka,Unknown,C,Type2,,C,Male,0,190.12
41.0,,59602,3.7,23054.0,3.0,318299.0,1624,31.4,Chittagong,A,A,Type1,,Q,Female,0,299.34
48.0,38135.0,46771,,,2.0,216572.0,2396,20.3,Dhaka,B,B,Type3,,C,Female,0,281.47
46.0,46812.0,57553,3.8,116084.0,3.0,128232.0,1261,30.0,Khulna,B,B,,Cabin_C,S,Female,0,186.69
42.0,72383.0,48826,3.4,84016.0,1.0,323614.0,2528,28.9,Dhaka,C,B,Type3,Cabin_A,Q,Male,0,248.74
31.0,83828.0,49872,,,1.0,390496.0,1733,17.5,Chittagong,Unknown,B,Type3,,S,Female,0,318.78
44.0,63314.0,57832,2.8,74219.0,2.0,277419.0,1805,27.7,Khulna,C,A,Type1,Cabin_C,S,Male,0,229.5
25.0,,48113,3.2,75450.0,4.0,,1438,19.2,Chittagong,Unknown,C,Type1,Cabin_G,S,Female,0,333.99
,920.0,55380,5.0,86815.0,3.0,229608.0,2189,13.2,Dhaka,C,B,Type1,,S,Female,0,212.76
29.0,10893.0,31595,3.9,40828.0,1.0,194529.0,3229,20.4,Chittagong,Unknown,B,,,C,Female,0,168.9
35.0,379.0,63199,2.4,89814.0,4.0,293276.0,2390,24.5,Rajshahi,C,C,,,S,Male,0,252.26
62.0,52131.0,60018,3.9,7390.0,1.0,,1567,20.2,Sylhet,A,C,Type3,Cabin_A,S,Male,0,176.97
12.0,114154.0,47743,,59252.0,3.0,376996.0,2567,21.0,Khulna,B,C,Type2,,C,Male,0,256.24
43.0,,69888,4.4,62793.0,1.0,222503.0,1841,28.2,Dhaka,B,B,Type2,,Q,Female,0,250.26
15.0,130888.0,74063,3.1,90833.0,1.0,,2687,23.0,Sylhet,B,B,,Cabin_F,Q,Male,0,212.05
29.0,3107.0,35886,3.4,75565.0,2.0,496691.0,2403,18.3,Dhaka,A,B,Type2,Cabin_B,S,Female,0,343.93
48.0,,48559,4.6,39860.0,3.0,296085.0,528,26.0,Dhaka,B,C,Type3,,C,Female,0,249.8
35.0,21664.0,48462,2.5,50375.0,1.0,424971.0,1497,23.5,Khulna,Unknown,C,Type2,Cabin_G,S,Female,0,293.22
22.0,5347.0,45901,2.4,79967.0,3.0,194350.0,2472,Unknown,,A,A,Type1,,S,Female,0,296.44
,33264.0,72442,3.0,73023.0,2.0,407522.0,2075,24.6,Dhaka,C,B,Type2,Cabin_C,Q,Female,0,338.05
43.0,14837.0,57092,4.3,60521.0,2.0,404727.0,1488,24.5,Dhaka,C,C,Type2,,Q,Male,0,189.53
26.0,16764.0,56032,2.3,62979.0,2.0,386343.0,1683,22.6,Chittagong,Unknown,B,,,Q,Male,0,162.13
37.0,18357.0,29942,1.2,92404.0,0.0,298443.0,1046,27.0,Rajshahi,Unknown,B,Type2,Cabin_G,S,Female,0,336.2
35.0,81234.0,69531,3.1,62057.0,5.0,4575.0,1955,19.1,Chittagong,C,B,Type2,,Q,Female,0,279.06
,,41411,3.9,72797.0,2.0,,3105,24.2,Dhaka,B,B,Type3,Cabin_E,Q,Male,0,256.32
60.0,18648.0,60898,4.5,129248.0,2.0,237408.0,2402,14.7,Chittagong,A,C,Type3,,S,Female,0,243.34
,47123.0,64160,3.1,39407.0,,202174.0,3095,24.5,Sylhet,B,B,Type1,,S,Female,0,234.47
10.0,62965.0,80409,3.2,28703.0,4.0,312224.0,2441,32.3,Khulna,C,A,Type3,,C,Female,0,293.06
37.0,15915.0,40367,4.4,94589.0,1.0,258103.0,2513,17.5,Dhaka,C,A,Type2,,S,Female,0,177.81
27.0,26683.0,14707,2.0,,1.0,217538.0,2987,18.7,Sylhet,C,A,Type3,,Q,Male,0,273.87
45.0,6498.0,62757,3.2,67044.0,5.0,,2188,18.9,Rajshahi,A,B,,,S,Female,0,301.57
25.0,9992.0,87007,3.7,55471.0,0.0,228448.0,1906,23.1,Dhaka,B,B,Type2,Cabin_G,C,Male,0,287.16
,57146.0,78584,3.9,68504.0,2.0,412149.0,2516,17.2,Dhaka,A,A,Type3,,C,Male,0,246.43
41.0,10010.0,63144,3.1,114963.0,1.0,233897.0,2726,Unknown,Dhaka,A,B,Type1,Cabin_B,S,Male,0,249.87
45.0,37239.0,52625,,95053.0,3.0,248506.0,1760,26.7,Rajshahi,A,C,,,Q,Male,0,314.28
,61729.0,72106,1.5,96555.0,2.0,254330.0,1639,25.2,Dhaka,A,A,Type2,,S,Female,0,279.1
30.0,5651.0,45396,3.0,39594.0,5.0,333899.0,2069,13.7,Chittagong,C,B,Type3,,S,Female,0,337.76
29.0,41886.0,67145,3.9,46221.0,3.0,,2415,27.5,Dhaka,A,C,Type3,,S,Female,0,162.87
27.0,14823.0,67582,2.7,4023.0,2.0,-4465.0,2399,27.2,Sylhet,A,B,,,S,Male,1,295.34
56.0,164743.0,75903,3.5,54765.0,2.0,402163.0,1287,26.7,Dhaka,Unknown,C,Type2,,C,Male,0,209.44
39.0,33038.0,101394,3.9,98917.0,1.0,443636.0,2955,24.4,,B,B,Type1,,Q,Male,0,246.35
,81992.0,65886,3.2,87923.0,0.0,194981.0,1679,23.6,Sylhet,A,C,Type3,,S,Female,1,318.8
,,52365,3.6,69462.0,1.0,202770.0,1867,27.7,Dhaka,A,C,,,S,Female,0,199.88
60.0,2219.0,59616,2.7,74442.0,3.0,254974.0,1548,32.1,Chittagong,A,B,Type3,,S,Female,0,355.78
47.0,50140.0,33463,3.3,,1.0,224399.0,3349,17.7,Dhaka,A,C,Type2,,C,Male,0,305.28
16.0,151210.0,49579,4.0,80118.0,1.0,322392.0,2121,27.9,Khulna,A,C,,,Q,Male,0,278.96
,46016.0,53860,3.6,94146.0,0.0,105347.0,1574,,Chittagong,B,B,Type2,,C,Female,0,203.4
,85515.0,52138,3.0,34602.0,2.0,188207.0,2431,21.9,Dhaka,A,A,Type3,,C,Male,0,241.01
26.0,107797.0,62285,3.7,82491.0,3.0,453919.0,2384,14.8,Dhaka,B,B,,,S,Male,0,232.08
40.0,12943.0,47663,4.1,98310.0,4.0,,1906,21.1,Dhaka,C,C,Type3,Cabin_E,S,Female,0,188.38
44.0,11915.0,76815,1.9,64622.0,2.0,424342.0,2420,17.5,Sylhet,B,B,Type1,Cabin_C,C,Male,0,304.69
23.0,47206.0,60003,4.4,92517.0,3.0,335533.0,1587,20.2,Rajshahi,Unknown,A,Type2,,C,Male,0,229.78
,26468.0,59860,3.2,145366.0,3.0,119073.0,1753,17.0,Khulna,B,A,Type3,,C,Female,0,241.22
-3.0,91585.0,55081,3.8,72391.0,2.0,363532.0,994,20.3,,B,B,Type3,,Q,Male,0,243.75
22.0,115140.0,62327,4.5,84832.0,,288233.0,1338,20.5,Dhaka,C,A,Type3,,C,Male,0,239.29
,,72376,2.4,56548.0,0.0,254453.0,2903,23.0,Sylhet,A,B,,,C,Male,0,276.52
20.0,13516.0,46993,2.9,79531.0,2.0,324495.0,2820,14.4,Dhaka,A,C,,,Q,Male,0,218.87
,75825.0,50128,3.3,86506.0,2.0,347463.0,2032,Unknown,Sylhet,C,B,Type2,,Q,Female,0,300.92
17.0,16065.0,55444,2.9,79871.0,4.0,,2831,Unknown,Dhaka,B,A,Type1,,S,Female,0,220.2
,86471.0,39811,4.9,49507.0,2.0,417825.0,1919,18.5,Dhaka,C,A,Type3,Cabin_B,S,Male,0,248.57
36.0,27559.0,47711,2.8,80159.0,2.0,340813.0,1878,Unknown,Rajshahi,Unknown,A,,,S,Female,0,184.67
52.0,55063.0,52856,3.1,111554.0,2.0,162436.0,2028,23.6,Sylhet,B,A,,,C,Female,0,303.58
17.0,5020.0,73115,3.7,86215.0,2.0,252635.0,1937,25.5,Sylhet,B,B,Type1,,S,Female,0,316.29
,48889.0,63938,2.5,99049.0,1.0,594304.0,1892,29.6,Dhaka,B,B,Type2,,S,Male,0,285.79
35.0,30052.0,62903,3.2,69074.0,2.0,372449.0,2571,21.0,Dhaka,Unknown,A,Type2,,S,Male,0,258.52
23.0,44168.0,72763,3.8,93747.0,3.0,536928.0,2075,Unknown,Chittagong,C,A,Type1,,C,Female,0,248.19
40.0,9196.0,57939,3.2,,1.0,439543.0,2356,26.9,Chittagong,Unknown,A,Type1,,S,Female,0,171.89
,66756.0,65856,3.4,,3.0,324180.0,2515,25.0,Rajshahi,A,C,,,S,Female,0,182.26
27.0,99314.0,58451,3.1,82963.0,3.0,330140.0,2194,,Dhaka,C,B,,,S,Female,0,287.52
35.0,12214.0,63980,2.3,50207.0,1.0,296341.0,1514,29.5,Sylhet,A,C,Type1,,C,Male,0,240.96
30.0,5030.0,51258,3.8,59177.0,1.0,126219.0,1323,21.4,Chittagong,A,C,Type2,,S,Female,0,182.04
36.0,1196.0,23417,4.9,79733.0,4.0,301804.0,2074,Unknown,Khulna,Unknown,B,Type3,,S,Male,0,179.73
42.0,51357.0,57985,3.5,82431.0,2.0,421067.0,1914,22.6,Chittagong,A,C,Type3,,C,Male,0,281.75
,46709.0,81341,,45269.0,1.0,240036.0,2043,17.8,Chittagong,Unknown,A,,,S,Male,0,293.7
20.0,39559.0,73893,4.1,,1.0,341195.0,1991,22.9,Sylhet,A,B,,,S,Male,0,173.3
60.0,13194.0,74480,2.5,,0.0,385159.0,3291,29.5,Chittagong,C,A,,,C,Male,0,257.6
,,78541,4.9,,2.0,209031.0,1334,24.7,Khulna,A,C,Type3,,S,Male,0,269.39
33.0,45128.0,61329,3.7,36560.0,3.0,254869.0,1005,22.7,Sylhet,B,A,Type1,,C,Male,0,220.82
42.0,34335.0,62959,4.8,71377.0,2.0,198208.0,2166,21.7,Rajshahi,A,C,Type2,,S,Female,0,311.99
38.0,,50735,2.9,63851.0,1.0,217783.0,1811,Unknown,Chittagong,B,A,Type3,,S,Male,0,232.76
,,55258,5.0,77828.0,1.0,171239.0,2158,26.2,Dhaka,A,C,Type2,,C,Female,0,164.16
32.0,59395.0,69236,4.1,65922.0,4.0,209955.0,2291,25.5,Dhaka,C,B,,,C,Female,0,240.27
29.0,25902.0,78058,3.9,24813.0,1.0,441945.0,2642,20.8,Dhaka,A,B,Type3,,S,Female,0,318.4
27.0,27948.0,57908,3.7,65291.0,1.0,208452.0,1246,24.1,Dhaka,A,B,,,S,Female,0,232.73
45.0,63221.0,53247,3.3,,3.0,312645.0,1721,Unknown,Dhaka,A,B,Type3,,C,Female,0,197.66
,58953.0,60007,4.5,90841.0,,249713.0,2214,17.5,Dhaka,B,B,Type2,,C,Male,0,281.41
26.0,236969.0,69018,3.6,57545.0,1.0,417886.0,2385,23.3,Dhaka,C,C,,Cabin_B,S,Male,0,262.92
45.0,6870.0,38342,1.9,116966.0,3.0,431116.0,3096,11.7,,C,A,,,C,Female,0,249.85
38.0,5496.0,25557,2.6,27208.0,2.0,386406.0,2477,,Dhaka,A,C,Type2,Cabin_A,S,Female,0,273.86
44.0,64429.0,51741,,107779.0,2.0,330613.0,1971,25.8,Dhaka,B,B,Type3,Cabin_A,S,Female,0,215.42
42.0,43183.0,41689,3.7,,2.0,276894.0,1554,26.2,Rajshahi,C,C,Type2,Cabin_F,S,Male,0,220.0
25.0,16021.0,52377,3.5,96489.0,2.0,180812.0,1717,20.5,Chittagong,A,B,Type2,,S,Female,0,286.38
,4137.0,57783,4.5,,3.0,494352.0,1703,Unknown,Chittagong,B,B,,,S,Male,0,201.68
43.0,,53201,1.9,103488.0,3.0,224032.0,2327,29.6,Chittagong,B,C,Type2,,S,Male,0,330.75
42.0,112305.0,81787,3.6,65315.0,5.0,,2128,29.6,Khulna,A,B,Type2,,S,Female,1,311.47
34.0,10651.0,64901,2.0,,1.0,405956.0,1338,Unknown,Chittagong,A,B,Type1,,S,Male,0,192.79
36.0,19531.0,64507,4.1,,3.0,244471.0,1782,23.2,Chittagong,A,A,,,S,Male,0,323.79
50.0,12851.0,69333,,72162.0,1.0,403801.0,2438,,Sylhet,B,A,Type1,,S,Male,0,257.61
27.0,21924.0,42917,,,0.0,376421.0,2175,15.0,,A,B,,,C,Female,0,319.24
41.0,3597.0,75586,2.8,105868.0,2.0,472796.0,2284,20.9,Chittagong,A,C,,,S,Female,0,256.67
32.0,36600.0,58863,4.5,49201.0,3.0,253065.0,2191,29.2,Chittagong,A,B,Type2,,C,Female,0,241.14
32.0,3500.0,70057,4.3,,1.0,171413.0,2813,27.4,Dhaka,A,A,Type3,Cabin_C,S,Female,0,235.93
48.0,80561.0,43922,4.0,,4.0,249451.0,2118,24.3,Chittagong,A,B,Type1,,S,Female,0,127.52
,13309.0,36693,3.4,71695.0,1.0,320885.0,1806,15.0,Sylhet,Unknown,B,Type2,,S,Female,0,296.36
44.0,,72268,,76806.0,,305821.0,1542,22.3,Chittagong,A,B,Type3,,Q,Female,0,214.64
50.0,106046.0,65646,2.9,37494.0,2.0,260656.0,2124,19.6,Sylhet,C,C,Type3,,S,Female,0,297.99
35.0,52616.0,46469,4.2,55529.0,0.0,109080.0,779,24.2,Chittagong,B,C,Type2,,S,Male,0,333.7
43.0,38066.0,46955,4.8,108776.0,4.0,347048.0,1907,18.5,Sylhet,C,A,Type2,,C,Female,0,221.12
31.0,19602.0,76881,4.4,97154.0,1.0,497234.0,1897,17.4,Chittagong,B,C,Type3,,Q,Male,0,218.17
,20248.0,42158,2.9,73434.0,2.0,346425.0,1317,12.2,Dhaka,A,B,Type3,,Q,Male,1,300.39
33.0,55355.0,84640,3.8,81078.0,1.0,360913.0,1535,28.6,Chittagong,C,C,Type3,Cabin_F,S,Female,0,226.62
36.0,256974.0,46490,2.5,67643.0,1.0,357244.0,2404,20.5,Dhaka,B,A,Type2,,S,Male,0,315.86
42.0,54211.0,69575,4.0,108914.0,1.0,339704.0,2115,23.3,Dhaka,C,B,Type3,Cabin_C,C,Male,0,215.44
25.0,,55070,3.9,69991.0,2.0,393166.0,2050,,Khulna,B,A,Type2,,S,Female,0,321.91
60.0,65587.0,69047,2.0,80796.0,1.0,339537.0,2153,17.2,Dhaka,Unknown,B,Type1,,C,Male,1,234.71
,31293.0,51838,2.6,103650.0,2.0,268732.0,2046,16.2,Rajshahi,C,A,Type2,,Q,Female,0,266.51
,,57558,3.3,55565.0,3.0,,2621,17.5,Dhaka,Unknown,A,Type1,,C,Male,0,299.11
48.0,41310.0,60613,3.3,,4.0,275102.0,2061,18.9,Dhaka,B,A,Type1,,S,Male,0,275.58
44.0,158060.0,44967,2.5,36738.0,2.0,331412.0,1270,24.3,Sylhet,B,A,Type1,Cabin_B,S,Female,0,303.53
42.0,9636.0,71112,3.8,115741.0,,268391.0,2815,18.5,Dhaka,C,A,Type1,Cabin_B,C,Male,0,177.2
42.0,58559.0,52301,3.7,65683.0,3.0,331433.0,2185,31.2,Chittagong,C,B,Type3,,S,Male,0,229.64
34.0,11215.0,56571,3.3,68932.0,3.0,343915.0,1705,27.6,Chittagong,Unknown,A,Type1,,S,Female,0,253.16
24.0,38374.0,45084,2.9,27749.0,2.0,383317.0,1373,26.5,,A,B,Type1,,S,Female,0,211.72
35.0,5083.0,21564,4.3,63630.0,3.0,428279.0,2197,21.9,Khulna,C,A,Type1,Cabin_C,S,Male,0,298.54
26.0,29925.0,57134,4.8,49004.0,1.0,307800.0,1941,30.1,Rajshahi,A,C,Type1,Cabin_C,S,Male,0,224.39
,70562.0,96189,,59808.0,4.0,169222.0,2787,21.4,Chittagong,B,C,Type1,,C,Female,0,211.83
,21352.0,71769,3.0,71567.0,0.0,265489.0,1827,22.3,Khulna,A,A,Type2,Cabin_C,S,Male,1,297.02
25.0,54668.0,59711,3.9,98944.0,5.0,304406.0,1581,23.3,Dhaka,A,B,Type3,,S,Female,0,197.73
31.0,79347.0,56056,3.2,,2.0,116423.0,2447,26.0,,Unknown,A,Type3,Cabin_B,S,Female,0,200.16
39.0,130986.0,60336,3.4,82691.0,1.0,438866.0,2462,25.7,Sylhet,A,C,Type3,,S,Female,0,275.41
28.0,13370.0,68206,4.1,47612.0,1.0,314237.0,2084,20.1,Chittagong,B,B,Type1,,Q,Male,0,317.19
25.0,25484.0,42287,2.0,52981.0,1.0,,2338,19.8,Khulna,B,A,Type1,Cabin_A,Q,Male,0,258.08
37.0,,76714,4.6,119968.0,2.0,436552.0,1981,25.7,Rajshahi,A,B,,,S,Male,0,169.21
,244532.0,70730,3.6,56619.0,1.0,236985.0,2116,26.1,Khulna,A,A,,Cabin_F,C,Female,0,284.25
28.0,130865.0,70772,3.2,116405.0,4.0,357404.0,2582,20.5,Sylhet,B,B,Type1,Cabin_G,S,Male,0,220.37
,38821.0,66577,3.4,68923.0,3.0,289013.0,2312,14.6,Dhaka,A,B,Type2,Cabin_G,Q,Female,0,306.04
37.0,92268.0,60294,3.5,75057.0,0.0,281591.0,1915,21.5,Dhaka,C,B,Type1,Cabin_B,S,Male,0,231.02
17.0,36798.0,70092,2.1,101759.0,2.0,222780.0,2676,25.6,Chittagong,Unknown,B,Type1,,S,Female,0,307.2
18.0,48853.0,68877,4.7,106797.0,0.0,466560.0,817,31.5,Rajshahi,A,A,Type3,,S,Female,0,229.11
26.0,4667.0,54689,3.5,72229.0,0.0,262449.0,3026,16.5,Dhaka,A,A,Type3,,C,Male,0,215.56
32.0,70380.0,51395,3.9,65293.0,2.0,369946.0,1147,20.4,Dhaka,B,A,Type3,Cabin_B,S,Female,1,154.12
38.0,6831.0,61527,4.3,73601.0,3.0,112499.0,1686,20.6,Dhaka,C,C,Type2,Cabin_C,C,Male,0,217.02
,87454.0,83235,2.7,83448.0,2.0,417998.0,1979,29.3,Sylhet,A,A,Type3,Cabin_B,S,Male,0,258.86
45.0,76169.0,41413,3.9,,2.0,405221.0,1926,22.3,Rajshahi,A,B,Type2,,Q,Male,0,255.02
,61677.0,37987,3.3,75105.0,1.0,309743.0,2503,,Chittagong,B,B,Type3,,S,Male,0,280.58
34.0,1841.0,62471,4.2,90472.0,0.0,277305.0,1471,25.3,Dhaka,Unknown,A,Type1,Cabin_C,Q,Male,0,312.21
22.0,18057.0,60763,1.8,115958.0,2.0,340000.0,2130,20.5,Dhaka,B,B,Type2,,S,Female,0,251.43
34.0,15266.0,62600,3.4,84532.0,3.0,528879.0,1710,16.4,Dhaka,B,B,Type3,Cabin_G,S,Male,0,253.39
31.0,22325.0,63659,3.0,82791.0,3.0,123676.0,2147,18.0,Dhaka,Unknown,B,Type2,,Q,Female,0,305.64
38.0,4586.0,56651,3.8,37027.0,3.0,,1967,Unknown,Khulna,C,B,,,Q,Male,0,261.55
25.0,138197.0,82347,3.9,,3.0,208838.0,2046,24.4,Sylhet,C,B,Type3,,C,Female,0,203.84
,40349.0,35986,2.9,84709.0,0.0,298008.0,1725,23.0,Dhaka,B,B,Type2,Cabin_B,S,Female,0,223.89
53.0,18229.0,47572,2.9,72629.0,1.0,275211.0,1744,21.3,Dhaka,Unknown,B,Type2,,S,Male,0,143.51
33.0,25290.0,58451,3.4,,2.0,,2143,Unknown,Dhaka,C,B,Type2,,S,Female,0,203.16
39.0,29638.0,35352,2.8,81088.0,1.0,298953.0,2471,23.9,Chittagong,C,A,Type3,Cabin_B,S,Male,0,165.48
43.0,45888.0,57362,4.2,73489.0,,,1700,24.0,Dhaka,C,B,,Cabin_A,S,Male,0,267.55
30.0,36250.0,84922,3.2,103194.0,0.0,402918.0,1565,23.1,Dhaka,C,A,Type1,,S,Male,0,310.58
37.0,125907.0,60313,1.2,77152.0,1.0,,2306,,Dhaka,A,A,Type2,,C,Female,0,202.96
35.0,34354.0,63460,3.2,56326.0,4.0,353976.0,1983,,Rajshahi,A,B,Type1,,C,Female,0,204.82
36.0,242413.0,41097,2.7,99754.0,1.0,267346.0,2415,17.6,Rajshahi,C,C,Type3,Cabin_G,S,Female,0,297.16
,95333.0,50754,2.2,69571.0,2.0,182907.0,1547,19.4,Chittagong,A,C,Type1,Cabin_F,S,Female,0,227.46
35.0,11691.0,54372,2.5,88163.0,4.0,320238.0,1110,12.6,Dhaka,B,A,Type2,,S,Male,0,262.84
40.0,133389.0,55234,3.6,63064.0,,144304.0,1733,32.6,Khulna,A,B,Type3,,C,Male,0,287.16
,6185.0,79224,4.6,58754.0,3.0,303971.0,1616,26.8,Sylhet,C,B,,Cabin_E,S,Female,0,214.6
46.0,85036.0,68365,3.8,77104.0,1.0,157712.0,1960,18.3,Dhaka,A,A,Type1,,C,Female,0,215.57
,,43328,3.0,,2.0,346127.0,1681,21.1,Dhaka,C,C,Type2,,S,Male,0,224.68
25.0,105176.0,63697,3.9,86995.0,1.0,207564.0,2370,19.3,Chittagong,B,C,Type1,,S,Female,0,172.32
45.0,101269.0,67473,3.1,68283.0,3.0,254900.0,1855,30.2,Dhaka,A,C,Type1,Cabin_G,C,Male,0,274.33
,81975.0,77102,2.9,29091.0,3.0,329394.0,2075,15.4,Chittagong,B,A,Type3,Cabin_D,C,Female,0,280.04
61.0,,83708,2.6,64180.0,1.0,222745.0,2078,,Chittagong,A,A,Type3,,S,Female,1,253.98
25.0,18169.0,44773,2.1,94845.0,3.0,294203.0,2097,22.0,Chittagong,A,C,Type3,,S,Female,0,317.98
24.0,4219.0,47837,3.2,67565.0,3.0,148616.0,1987,26.6,Dhaka,B,B,Type3,,Q,Male,0,236.94
27.0,25790.0,41136,3.6,68840.0,3.0,363087.0,2255,22.0,Chittagong,A,C,Type2,,S,Male,0,280.88
9.0,9529.0,56489,3.4,99659.0,2.0,476491.0,1602,,Sylhet,Unknown,A,Type1,Cabin_G,Q,Female,0,274.29
28.0,59364.0,66995,3.2,57200.0,0.0,579220.0,2699,21.2,,A,B,Type1,Cabin_A,C,Female,0,210.04
25.0,21240.0,74810,,36429.0,4.0,309116.0,1881,17.6,Rajshahi,C,B,Type3,,C,Female,0,307.74
36.0,185679.0,58860,4.0,70984.0,1.0,378820.0,1344,Unknown,Dhaka,B,A,,Cabin_D,S,Female,0,256.41
39.0,51217.0,55202,2.4,,2.0,121937.0,2094,29.7,Dhaka,B,B,Type1,Cabin_C,S,Female,1,298.73
57.0,86433.0,62276,4.1,50843.0,2.0,450273.0,1574,13.8,Chittagong,B,B,Type2,Cabin_G,Q,Female,0,184.95
46.0,,47472,2.7,70615.0,1.0,377622.0,2332,18.5,Dhaka,C,A,Type2,Cabin_F,S,Female,0,255.49
28.0,99030.0,91343,2.9,87287.0,2.0,251606.0,3104,19.7,Dhaka,C,A,,,S,Female,0,226.97
,,35885,2.3,,6.0,,1606,20.6,Dhaka,C,B,Type3,Cabin_G,C,Male,1,207.43
40.0,,62771,,82674.0,0.0,,2166,26.2,Chittagong,A,B,,Cabin_C,S,Male,0,320.47
19.0,46602.0,90354,4.3,120335.0,,,1122,21.6,,C,C,Type3,Cabin_E,C,Male,0,259.76
56.0,72368.0,60101,3.9,66428.0,2.0,,2226,24.6,Dhaka,A,B,Type2,,C,Male,0,176.15
49.0,,57149,4.3,81958.0,1.0,193664.0,1557,19.4,Rajshahi,A,A,,,Q,Female,0,225.13
29.0,34914.0,54638,3.9,62269.0,2.0,402162.0,1687,23.6,Dhaka,B,C,Type3,,C,Male,0,296.95
14.0,25429.0,57294,2.6,53841.0,4.0,194401.0,1449,26.4,Chittagong,B,C,Type3,Cabin_G,S,Male,0,207.36
51.0,7913.0,80592,3.2,60377.0,1.0,194994.0,2366,18.8,Chittagong,B,A,,Cabin_G,S,Female,0,202.25
33.0,22906.0,26822,2.9,63031.0,2.0,209031.0,2503,26.4,Rajshahi,C,C,Type1,Cabin_C,C,Male,0,242.65
49.0,3530.0,83001,4.6,83986.0,2.0,375950.0,2011,,Sylhet,A,A,Type2,Cabin_E,S,Male,0,273.47
15.0,1307.0,38640,2.5,133726.0,5.0,238322.0,1567,27.7,Sylhet,A,A,Type2,,Q,Male,0,213.59
27.0,7260.0,56000,4.2,57098.0,,165200.0,2794,Unknown,Dhaka,A,A,Type2,,C,Male,1,269.54
35.0,164997.0,53561,4.2,64584.0,0.0,239432.0,1624,24.4,,C,A,Type3,,S,Male,1,251.74
35.0,39873.0,68828,5.0,73421.0,2.0,296795.0,918,22.3,Dhaka,B,C,Type1,,Q,Female,0,257.82
29.0,168808.0,36028,3.2,84894.0,1.0,181902.0,2229,22.0,Sylhet,A,C,Type2,,S,Female,1,129.76
42.0,28325.0,66932,4.1,81588.0,0.0,184831.0,1447,,Dhaka,C,C,Type1,,S,Female,0,250.8
22.0,18684.0,90364,5.3,107102.0,1.0,511129.0,2494,25.2,Dhaka,B,C,Type3,,C,Male,0,237.47
33.0,35275.0,39552,3.0,14340.0,1.0,213943.0,1809,16.3,Dhaka,B,B,Type3,,Q,Male,0,269.52
36.0,28947.0,62845,2.3,15326.0,2.0,267695.0,2301,29.7,Dhaka,B,B,Type2,,S,Male,0,217.31
41.0,5583.0,50070,2.0,62603.0,2.0,263276.0,2700,13.2,Rajshahi,B,C,,,S,Female,0,231.45
43.0,51197.0,66388,4.1,102432.0,2.0,,1395,19.1,Sylhet,C,C,,,S,Male,0,276.66
21.0,12169.0,60287,2.0,35858.0,0.0,,1717,22.0,Chittagong,A,C,Type3,,S,Male,0,322.29
16.0,48325.0,50377,,-190.0,3.0,394814.0,1962,24.6,Rajshahi,A,C,Type2,,S,Male,0,183.77
,52519.0,67318,3.8,89279.0,1.0,269404.0,2768,30.4,Rajshahi,A,A,Type3,,S,Male,0,275.66
38.0,8245.0,87065,3.6,81091.0,1.0,176352.0,1670,13.2,Dhaka,B,C,,,C,Female,0,311.0
26.0,,57136,3.8,47744.0,,427444.0,1702,20.0,Dhaka,C,C,Type2,,Q,Female,0,284.74
53.0,75879.0,70796,3.7,50361.0,1.0,,2239,,Dhaka,B,C,Type2,Cabin_C,S,Male,1,307.63
36.0,30790.0,40600,4.5,50756.0,0.0,473032.0,1711,22.7,Dhaka,A,A,Type1,,S,Female,0,222.82
49.0,2996.0,45653,2.7,77763.0,1.0,75441.0,2076,23.9,Dhaka,C,B,Type2,,C,Female,1,311.84
35.0,263596.0,67086,,,2.0,319540.0,1224,30.5,Dhaka,C,B,Type2,Cabin_A,C,Female,0,213.78
59.0,2975.0,82261,2.9,87351.0,2.0,,3107,23.1,Dhaka,C,A,Type1,Cabin_E,Q,Male,0,252.76
56.0,59377.0,65334,4.2,3634.0,1.0,264673.0,1326,27.7,Dhaka,B,B,Type1,,S,Female,0,224.88
32.0,205764.0,55304,4.2,53578.0,1.0,277450.0,1839,25.4,Khulna,C,A,Type1,,S,Female,0,226.89
46.0,13667.0,59989,3.9,,4.0,329551.0,1983,20.3,Dhaka,A,B,Type1,Cabin_F,S,Male,0,163.93
42.0,,41243,4.4,68591.0,3.0,,2956,Unknown,Chittagong,A,B,Type2,,C,Female,0,151.41
51.0,6470.0,69067,2.6,61548.0,0.0,268792.0,1337,23.9,,A,B,Type2,,S,Female,0,308.84
23.0,18068.0,73234,,94946.0,1.0,266218.0,2991,15.0,Chittagong,C,B,,,S,Female,0,160.05
43.0,5326.0,53218,4.7,28516.0,3.0,237257.0,2378,,Dhaka,A,B,,,S,Male,0,262.52
47.0,58908.0,52949,4.1,,3.0,,2208,21.7,Dhaka,B,A,Type2,,S,Male,0,185.05
13.0,3215.0,63988,4.9,88958.0,1.0,346107.0,1507,28.5,,B,A,Type3,,C,Female,0,207.57
20.0,35608.0,53449,2.2,121416.0,2.0,325062.0,2285,20.1,Dhaka,A,A,Type2,,S,Male,0,284.22
10.0,285643.0,59008,,62955.0,3.0,380857.0,1638,Unknown,Dhaka,C,A,Type3,,C,Male,0,258.1
31.0,,91495,2.9,83111.0,1.0,273564.0,2633,23.5,Chittagong,A,B,Type2,,S,Male,0,243.64
43.0,47754.0,56294,4.1,29903.0,0.0,222579.0,1514,22.3,Rajshahi,B,C,Type2,Cabin_F,S,Female,0,307.23
53.0,18282.0,54624,2.7,15201.0,2.0,239737.0,1943,20.3,Chittagong,C,A,Type1,,S,Female,0,235.52
35.0,48894.0,50286,4.1,96119.0,3.0,,1722,24.5,Chittagong,A,A,Type2,,S,Male,0,311.5
54.0,37437.0,71162,,,,194078.0,1506,17.9,Dhaka,C,C,Type3,,S,Female,0,196.53
18.0,27763.0,57281,4.1,104462.0,3.0,249973.0,2370,16.5,Khulna,C,B,Type3,,C,Male,0,190.51
14.0,7003.0,50259,3.7,40664.0,0.0,248388.0,2267,28.7,Dhaka,Unknown,C,Type3,,C,Male,0,243.09
,108843.0,79819,2.7,87997.0,2.0,512455.0,2604,26.1,Rajshahi,C,C,Type1,,S,Female,1,250.16
39.0,29872.0,81294,2.8,121720.0,4.0,22618.0,1110,22.8,Rajshahi,A,B,Type2,,S,Male,1,207.08
34.0,10822.0,50993,4.5,85492.0,4.0,282038.0,2532,30.8,Chittagong,B,A,Type2,,Q,Male,0,236.19
10.0,,32001,4.1,81914.0,2.0,472569.0,3252,21.2,Dhaka,A,B,,,S,Male,0,318.24
33.0,26732.0,75112,3.5,,2.0,312184.0,1774,29.1,Chittagong,A,A,Type1,,S,Male,1,230.28
19.0,87878.0,49730,3.2,35727.0,1.0,375341.0,2947,23.4,Dhaka,A,A,,,S,Female,0,153.18
43.0,66140.0,71859,1.9,108889.0,1.0,309982.0,1868,17.4,,A,A,Type3,,C,Male,0,162.83
39.0,73332.0,30448,2.6,59728.0,0.0,233266.0,1313,31.7,Dhaka,C,C,Type2,,S,Female,0,354.33
23.0,554.0,73388,5.0,87612.0,2.0,75808.0,1847,,Dhaka,A,B,,,S,Male,0,322.53
28.0,,41832,2.5,35924.0,,320545.0,2524,Unknown,Chittagong,B,A,Type1,Cabin_D,S,Female,0,228.2
,32825.0,70961,3.7,45513.0,1.0,222439.0,1580,26.1,Khulna,B,B,Type3,Cabin_B,S,Male,0,290.53
34.0,968.0,60214,4.3,,3.0,219966.0,1699,20.5,Dhaka,B,B,Type1,Cabin_G,,Male,0,263.02
46.0,15042.0,45690,2.5,,0.0,250101.0,2296,26.6,Sylhet,Unknown,B,Type3,,C,Female,0,313.53
23.0,71416.0,53894,3.6,111331.0,2.0,474486.0,2001,10.5,Sylhet,A,A,Type3,,C,Female,0,196.44
41.0,7373.0,70294,4.3,73044.0,1.0,540483.0,2292,Unknown,Sylhet,B,B,,,S,Male,0,197.85
28.0,38319.0,61588,3.5,28952.0,2.0,321720.0,2118,27.4,Khulna,B,C,Type2,,S,Male,0,315.97
25.0,12116.0,68766,5.8,97301.0,,,2239,21.3,Dhaka,A,A,,Cabin_B,C,Male,0,175.34
33.0,609.0,89646,2.2,,2.0,182277.0,1783,23.5,Dhaka,B,A,Type3,,C,Male,1,253.49
22.0,13800.0,36536,4.3,92467.0,1.0,346854.0,2115,15.8,Chittagong,C,A,Type2,,S,Male,0,247.76
28.0,186222.0,84258,3.4,75630.0,3.0,478290.0,1536,31.7,Chittagong,A,A,Type3,Cabin_B,S,Female,0,289.21
20.0,80857.0,61565,,36422.0,3.0,275265.0,2644,28.5,Khulna,A,B,Type2,Cabin_G,S,Female,0,256.99
58.0,160417.0,46518,3.9,79107.0,2.0,62100.0,1682,21.5,Sylhet,A,C,Type3,,S,Male,0,243.4
,33457.0,40045,2.9,129905.0,2.0,367004.0,2564,20.5,Chittagong,C,C,Type1,Cabin_C,S,Female,0,230.97
26.0,5811.0,57163,3.7,87324.0,2.0,398539.0,1883,27.6,Dhaka,C,A,Type2,Cabin_B,C,Female,0,200.26
37.0,39699.0,73824,,73562.0,0.0,141415.0,2100,Unknown,Dhaka,B,B,Type3,,S,Male,0,241.7
,30291.0,58086,4.0,,,317648.0,1752,27.3,Dhaka,B,B,,,C,Female,0,308.25
32.0,93009.0,82667,3.7,80266.0,2.0,345122.0,1492,Unknown,Chittagong,C,B,Type3,Cabin_F,C,Male,0,235.7
42.0,5161.0,38232,4.0,80238.0,1.0,292689.0,1127,17.9,Chittagong,C,B,Type1,,C,Female,1,320.31
44.0,33495.0,59818,4.3,47709.0,3.0,220922.0,1472,18.4,Khulna,C,A,Type3,,S,Female,0,286.55
28.0,8128.0,41214,3.8,80846.0,1.0,401593.0,1838,16.6,Chittagong,C,B,Type3,Cabin_D,S,Female,0,273.83
28.0,19628.0,65454,3.6,100886.0,1.0,259662.0,2105,24.7,Khulna,B,B,,,Q,Female,0,241.91
31.0,66847.0,73303,2.8,54098.0,2.0,151481.0,2505,,Chittagong,B,C,,Cabin_D,C,Female,0,218.58
7.0,32314.0,53688,2.9,110612.0,1.0,95052.0,1777,21.7,,C,C,Type1,,C,Male,0,334.08
,23571.0,20936,4.4,72707.0,1.0,426084.0,1559,26.5,Dhaka,Unknown,A,Type3,Cabin_B,S,Female,0,289.68
51.0,25083.0,62984,4.6,52805.0,0.0,361666.0,1278,Unknown,Khulna,A,A,Type1,,S,Male,0,243.03
54.0,30758.0,66551,3.3,99940.0,3.0,308797.0,2240,14.9,Rajshahi,A,C,,Cabin_B,C,Female,0,334.96
32.0,76859.0,66064,3.5,67830.0,2.0,255972.0,2691,19.5,Dhaka,Unknown,B,,Cabin_A,S,Female,0,281.45
41.0,111320.0,78536,2.8,,2.0,247100.0,2633,26.6,Dhaka,A,C,Type2,,S,Female,1,178.98
38.0,155427.0,43934,4.4,67706.0,4.0,192426.0,2354,20.2,,C,A,,Cabin_D,S,Male,0,228.67
71.0,77300.0,70203,4.0,73504.0,1.0,256854.0,2319,Unknown,Dhaka,B,B,,Cabin_C,S,Female,0,286.36
48.0,18946.0,77887,5.1,87339.0,3.0,87991.0,2848,27.6,Chittagong,A,B,Type2,,S,Female,0,325.38
,58259.0,33321,2.8,82272.0,2.0,226393.0,2166,Unknown,Dhaka,A,C,Type1,,S,Male,0,368.07
23.0,28777.0,64794,3.2,25111.0,,268906.0,2323,21.0,Rajshahi,A,A,,,S,Male,0,251.28
15.0,,52437,3.7,,,360988.0,1839,24.1,Khulna,A,A,Type3,Cabin_A,C,Male,0,280.81
37.0,91902.0,58777,4.0,98235.0,3.0,,1318,19.6,Dhaka,B,B,Type3,,S,Female,0,219.42
,1959.0,65215,3.3,71696.0,1.0,379492.0,1658,26.4,Chittagong,C,C,Type3,,S,Female,0,205.63
17.0,116018.0,52691,2.8,61906.0,2.0,434913.0,1995,19.7,Sylhet,Unknown,C,,,Q,Female,0,165.71
27.0,30946.0,49864,4.2,41035.0,1.0,405817.0,2030,29.5,Rajshahi,B,C,Type1,,S,Female,1,269.5
22.0,50695.0,60512,,48006.0,3.0,347050.0,2963,21.9,Khulna,B,C,Type2,,S,Male,0,313.23
55.0,53845.0,43691,,24455.0,3.0,301186.0,2040,25.9,Chittagong,B,A,Type1,,C,Male,0,288.79
,112745.0,43712,4.6,72467.0,1.0,201921.0,2589,26.2,Dhaka,B,A,Type3,,Q,Female,1,254.36
34.0,50622.0,70190,4.4,60039.0,2.0,373994.0,1782,19.4,Chittagong,B,A,Type1,,S,Male,0,311.18
52.0,47587.0,42768,3.6,50835.0,0.0,467974.0,1844,12.2,,A,B,,Cabin_D,S,Male,0,397.54
35.0,,69994,3.6,73296.0,2.0,334210.0,1335,24.3,Dhaka,A,C,Type1,,C,Male,0,208.42
24.0,36532.0,66938,3.9,,2.0,491725.0,1628,22.9,Dhaka,A,C,Type3,Cabin_G,S,Female,0,128.82
53.0,8135.0,34112,2.8,127329.0,0.0,147442.0,2263,25.3,Dhaka,A,A,Type1,Cabin_D,C,Male,0,267.12
,66862.0,49836,,37202.0,3.0,184583.0,2003,21.4,,C,B,Type1,Cabin_C,Q,Female,0,304.13
22.0,35894.0,77911,1.8,103984.0,4.0,385520.0,2471,20.3,Khulna,A,C,Type3,Cabin_F,Q,Female,0,172.63
32.0,57007.0,45282,4.2,99327.0,0.0,326429.0,2090,32.5,Dhaka,C,B,,Cabin_F,S,Female,1,291.64
24.0,,53033,2.3,55522.0,3.0,431378.0,1823,15.1,Rajshahi,Unknown,A,Type3,Cabin_A,S,Male,0,233.14
18.0,4430.0,66930,4.7,80080.0,1.0,298452.0,3074,26.2,Sylhet,Unknown,B,Type2,Cabin_E,Q,Male,0,266.84
46.0,62996.0,71750,3.2,63559.0,2.0,213202.0,1953,19.6,Dhaka,Unknown,B,Type1,Cabin_B,S,Male,0,204.05
57.0,3740.0,56226,3.3,79642.0,3.0,278640.0,2581,20.8,Rajshahi,A,B,Type3,,S,Male,0,200.97
18.0,3696.0,51037,3.0,112728.0,2.0,146731.0,1799,,Sylhet,B,B,Type2,,C,Female,0,194.77
41.0,609.0,81335,,90140.0,0.0,187140.0,2354,,Sylhet,A,A,,,S,Female,0,283.38
27.0,156751.0,86083,4.6,87715.0,,,2464,25.4,Dhaka,C,C,,,S,Female,0,218.78
29.0,66876.0,74682,1.5,,1.0,,2104,29.5,Dhaka,C,B,Type2,,Q,Male,0,263.49
27.0,21789.0,61279,4.5,,4.0,336300.0,822,24.9,Dhaka,C,B,Type1,,S,Male,0,251.48
24.0,17586.0,47876,3.8,,1.0,127892.0,2009,Unknown,Rajshahi,B,C,Type1,Cabin_E,S,Male,0,190.99
35.0,21516.0,47543,2.5,105165.0,0.0,264159.0,2615,17.6,Rajshahi,C,A,Type2,Cabin_D,S,Female,0,253.8
25.0,,67837,2.6,36820.0,2.0,,2263,25.1,Rajshahi,A,A,,,C,Female,0,261.85
38.0,,66275,4.8,48622.0,0.0,417653.0,2222,33.3,Dhaka,A,C,,,S,Male,1,303.13
34.0,10240.0,81023,2.7,78156.0,3.0,241627.0,1138,20.6,Dhaka,C,A,Type3,,S,Female,0,324.72
32.0,9564.0,69756,2.6,50383.0,3.0,191425.0,1639,20.6,Chittagong,B,C,Type3,Cabin_B,C,Female,1,199.03
24.0,5178.0,37453,4.4,,2.0,302979.0,2205,19.7,Chittagong,Unknown,A,Type1,,C,Male,1,267.74
28.0,53985.0,75779,3.8,64410.0,4.0,235984.0,2205,Unknown,Rajshahi,A,A,Type1,Cabin_G,S,Male,1,139.13
44.0,72275.0,45029,2.7,40859.0,0.0,448374.0,2607,8.8,,C,B,Type2,Cabin_D,C,Female,0,292.56
41.0,15397.0,54240,3.7,50646.0,4.0,226518.0,1927,24.5,Dhaka,B,A,Type1,,S,Male,1,304.87
23.0,1058.0,63753,2.7,92585.0,1.0,160077.0,2202,18.3,,C,C,Type1,,C,Female,0,116.41
36.0,4287.0,89935,4.4,,2.0,84708.0,2008,14.4,Dhaka,C,B,Type1,,S,Male,0,233.04
44.0,171882.0,106648,4.3,35053.0,1.0,296921.0,1506,26.3,Dhaka,Unknown,C,,Cabin_C,S,Female,0,205.15
14.0,17509.0,69100,,59249.0,1.0,243806.0,872,17.1,Dhaka,A,C,Type3,Cabin_E,C,Male,0,232.91
41.0,73315.0,57252,3.8,93298.0,4.0,157109.0,2215,20.8,Dhaka,Unknown,A,Type1,,S,Male,0,223.0
27.0,48996.0,68017,4.9,70076.0,0.0,418922.0,2086,29.8,Dhaka,A,C,,,S,Male,0,247.82
41.0,24058.0,73314,3.5,63385.0,,366724.0,1690,15.5,Dhaka,A,B,Type3,,S,Female,0,299.37
25.0,11513.0,55189,2.6,76108.0,3.0,,1190,14.8,Rajshahi,B,B,Type2,,C,Female,0,234.31
13.0,6470.0,86928,3.9,31357.0,1.0,436432.0,2314,23.8,,C,C,Type3,,S,Male,0,200.63
15.0,47727.0,63451,5.2,87367.0,2.0,366253.0,1867,28.2,Rajshahi,B,B,,Cabin_C,S,Female,0,240.12
35.0,74501.0,67466,2.7,84585.0,1.0,217714.0,2278,14.6,Rajshahi,C,B,Type2,,S,Female,0,237.34
38.0,51627.0,69988,3.2,64767.0,2.0,196077.0,2932,24.5,Chittagong,C,B,Type1,,S,Male,0,245.67
24.0,37783.0,66323,3.8,100148.0,3.0,381798.0,929,25.4,Sylhet,A,A,Type3,,S,Male,0,218.6
42.0,2142.0,72584,3.5,46812.0,3.0,339636.0,1650,12.2,Dhaka,Unknown,A,Type3,,S,Male,1,268.13
15.0,172870.0,50741,2.7,103197.0,1.0,316974.0,1895,26.5,Rajshahi,A,B,Type2,Cabin_A,S,Female,0,314.67
34.0,80151.0,51625,,78862.0,1.0,215350.0,2727,26.9,Sylhet,C,A,Type3,Cabin_B,S,Male,0,186.55
20.0,17323.0,43497,5.4,66586.0,1.0,360794.0,1181,20.9,Khulna,A,A,Type1,Cabin_E,C,Female,0,272.54
27.0,,66592,3.7,74503.0,,224450.0,2967,28.8,Dhaka,B,A,Type2,,C,Female,0,297.99
35.0,46050.0,71684,2.8,72318.0,2.0,289801.0,2067,28.2,Dhaka,B,B,,,Q,Female,0,228.3
24.0,43664.0,66866,2.3,105507.0,4.0,,1951,23.0,,A,B,Type3,Cabin_C,S,Male,0,312.61
30.0,68930.0,85117,3.7,48083.0,4.0,233916.0,1900,20.2,Chittagong,B,C,Type2,Cabin_G,Q,Male,0,246.97
47.0,83504.0,59916,4.4,55937.0,4.0,142701.0,1781,17.6,Rajshahi,A,B,Type3,,S,Female,0,193.7
28.0,53425.0,70031,3.9,100907.0,2.0,194745.0,2524,22.3,Dhaka,A,B,Type1,Cabin_F,Q,Female,0,186.42
45.0,6853.0,43624,3.5,60111.0,2.0,399429.0,1465,25.3,Chittagong,A,B,Type1,Cabin_D,S,Male,0,289.24
21.0,,54193,3.0,,0.0,325473.0,2172,20.9,Rajshahi,B,B,,,S,Male,0,284.64
41.0,131612.0,70433,2.6,,2.0,287112.0,1807,11.5,Chittagong,C,B,Type1,Cabin_E,S,Male,0,328.21
,,72736,4.2,64955.0,1.0,,1618,28.8,Khulna,B,C,,,S,Male,0,283.54
,23274.0,55590,,92034.0,2.0,348535.0,3292,23.5,Rajshahi,C,C,Type1,Cabin_A,C,Male,1,245.03
25.0,28288.0,58926,2.3,46157.0,2.0,215089.0,2209,,Dhaka,B,C,Type3,Cabin_F,C,Male,0,274.12
41.0,28937.0,37231,4.8,93868.0,1.0,330566.0,2306,26.8,Chittagong,C,C,Type3,Cabin_F,Q,Male,0,253.6
32.0,47458.0,54644,4.0,,5.0,226874.0,2568,30.1,Dhaka,C,B,,,C,Male,0,233.37
39.0,143301.0,73355,4.6,86825.0,1.0,,1289,8.5,Chittagong,B,B,Type1,Cabin_D,S,Male,0,222.53
27.0,13767.0,68628,2.4,58860.0,3.0,236251.0,2876,24.7,Sylhet,C,C,Type2,Cabin_B,S,Female,0,163.85
,6477.0,67509,2.4,33472.0,,,745,15.4,Khulna,A,B,Type3,,Q,Male,0,212.89
33.0,10999.0,60746,3.4,,3.0,,1615,25.0,Chittagong,C,C,Type2,Cabin_F,S,Male,0,249.02
49.0,108985.0,60105,3.9,23414.0,4.0,323545.0,1770,23.1,Dhaka,C,C,Type1,,C,Female,0,114.69
38.0,51896.0,50095,4.9,67066.0,1.0,-68836.0,2290,25.7,Dhaka,A,C,Type1,,S,Male,0,224.26
39.0,16837.0,70482,4.1,98529.0,0.0,219234.0,2109,20.0,Chittagong,C,B,Type1,,S,Male,0,296.03
30.0,84626.0,66314,3.3,79797.0,4.0,260843.0,1916,13.1,Dhaka,A,C,Type1,,Q,Female,0,317.16
29.0,,67380,2.7,123708.0,3.0,450506.0,1994,20.2,Chittagong,A,B,Type3,,S,Male,0,223.63
29.0,93707.0,52109,4.5,100627.0,1.0,191999.0,1510,24.5,Dhaka,A,B,,,S,Female,0,221.75
39.0,125619.0,27699,2.7,58652.0,2.0,316279.0,1251,27.6,Dhaka,C,B,Type1,,S,Female,0,214.0
29.0,14533.0,76457,4.8,75682.0,4.0,449503.0,2363,16.6,Dhaka,C,C,Type1,,C,Male,0,222.08
38.0,,52817,3.3,,3.0,168703.0,2346,27.6,Sylhet,C,C,Type1,Cabin_E,S,Female,0,307.13
,,47058,4.8,,1.0,339397.0,2792,Unknown,Rajshahi,A,A,Type3,Cabin_A,S,Female,1,331.46
45.0,92257.0,70402,4.0,51490.0,0.0,219772.0,1604,24.3,Dhaka,B,B,Type2,,S,Female,0,165.58
31.0,65187.0,54119,,60980.0,4.0,249536.0,2346,20.0,Dhaka,C,B,,,S,Female,0,209.43
49.0,74905.0,75899,3.1,24094.0,,219688.0,1858,23.4,Chittagong,A,C,Type2,,S,Male,0,156.83
30.0,,69255,3.2,76187.0,1.0,226814.0,2595,27.0,Dhaka,B,B,Type2,Cabin_E,S,Female,0,248.57
10.0,9766.0,70253,3.8,68773.0,3.0,,2510,16.4,Chittagong,A,A,Type2,,Q,Female,0,225.58
22.0,,39510,3.6,33177.0,3.0,384445.0,2105,19.1,Khulna,A,B,Type1,,Q,Male,0,267.95
12.0,208896.0,78179,3.0,85105.0,2.0,410173.0,1830,23.4,Chittagong,B,B,Type2,,S,Female,0,283.16
30.0,138539.0,63918,3.4,92896.0,0.0,349199.0,2480,34.5,Chittagong,C,A,Type2,,C,Male,0,277.61
35.0,2206.0,54460,3.6,80675.0,,139374.0,2323,18.2,Chittagong,A,B,Type1,Cabin_D,S,Female,0,167.7
55.0,9005.0,62150,1.8,66898.0,1.0,339495.0,1657,Unknown,Sylhet,A,C,Type1,,S,Male,0,248.71
38.0,7062.0,33356,3.9,89786.0,1.0,407292.0,1336,32.5,Sylhet,A,C,Type2,,S,Female,0,165.21
,64727.0,66129,2.7,92005.0,2.0,214660.0,1855,22.0,Chittagong,A,A,Type2,,S,Male,0,336.84
44.0,85128.0,44559,2.6,82685.0,1.0,396532.0,2757,21.0,Dhaka,A,C,,Cabin_G,S,Female,0,232.27
8.0,12008.0,39709,2.2,54384.0,1.0,370433.0,2573,19.0,Chittagong,B,B,,,S,Male,0,181.68
37.0,35246.0,37164,2.1,81915.0,2.0,485204.0,1443,22.2,Dhaka,C,A,Type1,Cabin_C,C,Male,0,222.79
44.0,,76690,2.4,104887.0,1.0,258221.0,1416,15.5,Chittagong,B,A,Type1,,S,Male,0,260.39
17.0,,50561,2.9,,3.0,190238.0,2637,22.1,Chittagong,C,A,Type1,,C,Male,0,286.66
48.0,39070.0,83005,5.1,127448.0,1.0,263837.0,1432,30.0,Dhaka,C,C,,,S,Male,0,315.02
39.0,44622.0,51962,3.1,61859.0,1.0,443557.0,2254,19.4,Dhaka,A,A,Type2,Cabin_F,S,Female,0,253.15
30.0,35500.0,34389,3.6,75810.0,4.0,117159.0,1691,21.3,Chittagong,A,A,Type3,,S,Female,0,233.31
42.0,17658.0,43252,3.8,58187.0,1.0,93162.0,2808,14.0,Khulna,C,C,,Cabin_E,S,Male,0,284.25
62.0,41622.0,78537,3.6,80581.0,3.0,308939.0,1614,24.4,Chittagong,A,B,Type2,,C,Male,0,282.88
37.0,58379.0,57661,3.4,,1.0,255741.0,2571,23.8,Rajshahi,A,C,Type3,,C,Female,0,255.94
37.0,103305.0,51775,2.5,61348.0,0.0,300772.0,2092,Unknown,Dhaka,A,C,Type3,,S,Female,0,290.48
29.0,50570.0,62400,4.7,47696.0,3.0,394531.0,2126,21.4,Chittagong,B,A,Type3,Cabin_G,C,Male,0,219.49
24.0,71590.0,67526,4.9,78383.0,1.0,,1014,21.0,Chittagong,B,C,Type3,Cabin_A,Q,Female,0,248.8
,,76760,2.2,99861.0,0.0,112699.0,898,25.0,Rajshahi,Unknown,A,Type3,,C,Male,0,148.35
24.0,,81727,2.7,91150.0,3.0,504448.0,1889,22.4,Dhaka,C,B,Type1,,S,Male,1,319.49
35.0,468.0,54603,3.3,15708.0,,200277.0,2123,24.1,Chittagong,B,B,,,C,Male,0,225.42
29.0,14163.0,40109,2.7,126051.0,1.0,194096.0,1437,23.6,Dhaka,B,A,Type1,Cabin_E,S,Female,0,319.78
40.0,,53798,3.9,82381.0,4.0,410372.0,1455,,Dhaka,A,C,Type3,,Q,Male,0,217.19
39.0,240241.0,63904,2.9,55587.0,2.0,261551.0,2280,25.9,Sylhet,A,B,Type3,Cabin_D,S,Female,0,265.11
,,45543,5.2,78928.0,3.0,293661.0,2281,23.5,Dhaka,A,A,Type1,Cabin_D,S,Female,0,252.74
28.0,,45642,4.5,79404.0,2.0,348279.0,1931,30.1,Dhaka,A,C,Type2,,S,Female,0,219.9
31.0,,65156,3.7,58328.0,1.0,408358.0,2390,24.6,Chittagong,A,B,Type3,Cabin_D,S,Female,0,273.98
,11410.0,59270,4.3,79947.0,0.0,266653.0,1412,29.0,Khulna,A,B,Type3,Cabin_E,Q,Male,0,313.85
29.0,40493.0,60491,4.4,59813.0,2.0,451995.0,1822,25.5,Chittagong,A,B,Type2,Cabin_C,S,Male,0,339.49
39.0,66038.0,48622,3.0,64890.0,0.0,86420.0,2823,Unknown,Rajshahi,Unknown,C,,,S,Female,0,287.14
44.0,,56543,2.8,57843.0,3.0,375978.0,2034,29.0,Khulna,B,A,Type2,,Q,Male,0,189.5
23.0,10414.0,46136,3.6,39183.0,1.0,,2063,23.2,Dhaka,Unknown,A,Type2,,S,Female,0,179.72
45.0,21955.0,73352,4.2,78645.0,0.0,437227.0,3152,22.2,Dhaka,B,B,,,S,Male,0,306.95
51.0,76575.0,75528,3.6,,1.0,,1300,23.9,Dhaka,B,A,,Cabin_F,S,Male,0,200.14
,40397.0,32307,2.2,,,232709.0,2398,20.8,Khulna,A,C,,,S,Male,0,280.8
57.0,262.0,46057,2.9,95498.0,4.0,366284.0,2831,23.6,Dhaka,A,B,,,S,Male,0,256.7
25.0,71562.0,37552,3.4,83108.0,3.0,389318.0,1837,Unknown,Dhaka,A,A,Type3,,S,Male,0,315.94
20.0,1797.0,50249,3.4,,3.0,364189.0,2429,28.9,Rajshahi,Unknown,A,Type3,,C,Male,0,275.5
13.0,68468.0,58748,5.1,95991.0,1.0,197030.0,1508,21.9,Chittagong,Unknown,C,Type2,,Q,Female,0,248.47
52.0,11312.0,38255,2.4,41062.0,2.0,251598.0,1656,20.6,Chittagong,A,C,Type2,,S,Male,0,353.06
,158591.0,46172,,52483.0,3.0,299592.0,2192,17.9,Chittagong,A,B,Type2,Cabin_D,S,Male,0,291.16
34.0,22938.0,44940,4.7,50894.0,3.0,,2399,23.8,Dhaka,B,B,,,S,Male,0,277.74
,19795.0,63109,5.3,102001.0,4.0,374974.0,2560,23.4,Chittagong,A,A,,,C,Female,0,215.87
21.0,8060.0,61040,3.2,98569.0,,98509.0,2784,24.4,Chittagong,B,B,Type1,,S,Male,0,192.67
,18235.0,49173,3.9,87182.0,0.0,333432.0,1966,17.4,Khulna,A,A,Type1,,Q,Male,0,237.03
,,62652,4.0,101798.0,3.0,271001.0,2596,14.5,Dhaka,B,B,Type3,Cabin_A,S,Male,0,175.06
36.0,280437.0,51799,3.7,,2.0,216149.0,1828,25.6,Khulna,A,B,,,Q,Female,0,233.9
43.0,22967.0,55925,3.4,83714.0,1.0,,2451,29.9,Chittagong,B,C,Type3,,S,Male,0,290.05
,29765.0,85101,3.8,71870.0,1.0,278546.0,2103,17.4,Dhaka,A,B,,,C,Female,0,299.09
,64019.0,80106,1.5,96172.0,1.0,-60108.0,2222,30.4,Rajshahi,B,C,Type3,Cabin_A,S,Female,0,232.9
25.0,108663.0,40506,4.0,72119.0,3.0,229871.0,2211,23.9,Dhaka,Unknown,B,,,C,Male,0,396.8
40.0,44952.0,72445,3.6,65376.0,1.0,212418.0,1197,22.5,Sylhet,A,C,,,S,Male,0,313.67
57.0,24840.0,72170,,88522.0,0.0,353278.0,1437,20.5,Khulna,C,B,Type2,,S,Female,0,248.5
51.0,26604.0,42776,5.1,96904.0,1.0,219447.0,2051,15.6,Dhaka,C,B,Type3,,S,Female,0,307.07
54.0,59473.0,72281,3.0,58291.0,5.0,278488.0,1156,27.4,Dhaka,Unknown,C,Type2,Cabin_C,Q,Male,0,221.03
28.0,161.0,83068,3.2,73473.0,1.0,454227.0,2415,18.6,Dhaka,C,A,Type1,,C,Male,0,262.7
23.0,48325.0,43161,5.1,48538.0,0.0,399435.0,2435,18.6,Dhaka,C,A,Type3,,S,Female,0,231.97
33.0,21963.0,46237,,12548.0,3.0,390227.0,2163,27.5,Dhaka,C,A,Type2,,S,Female,0,189.41
35.0,79041.0,75264,3.1,80011.0,2.0,250012.0,1439,Unknown,Dhaka,A,C,Type1,,S,Female,0,276.63
48.0,4880.0,64072,3.4,90222.0,1.0,,2690,14.9,Chittagong,B,A,,Cabin_G,C,Female,0,249.7
14.0,,68272,4.2,81551.0,,276610.0,3018,22.4,Dhaka,Unknown,C,Type2,,C,Male,0,253.41
53.0,32789.0,65108,3.7,26260.0,4.0,280390.0,2073,24.0,Khulna,C,B,Type1,,C,Female,0,248.64
33.0,51406.0,65860,2.5,66228.0,1.0,340968.0,2255,24.9,Khulna,Unknown,A,Type2,,S,Male,0,205.09
29.0,3352.0,40102,3.1,19541.0,2.0,240300.0,2100,21.0,Chittagong,C,B,Type1,,Q,Female,0,329.42
22.0,43373.0,75709,3.0,109242.0,2.0,449300.0,2265,,Khulna,C,A,Type2,Cabin_B,Q,Female,0,262.44
15.0,41218.0,77543,3.4,47848.0,1.0,,1940,,Dhaka,C,B,Type3,Cabin_E,C,Male,0,236.65
44.0,41124.0,56559,3.8,106385.0,4.0,361836.0,1982,21.3,Dhaka,C,B,,,S,Male,0,184.54
35.0,46252.0,59347,3.8,98646.0,1.0,445560.0,2452,18.5,Chittagong,B,B,,,C,Male,0,320.17
19.0,56422.0,37033,2.1,52485.0,0.0,403165.0,3172,23.1,Chittagong,Unknown,A,,,S,Male,0,295.87
19.0,81734.0,67713,,46680.0,2.0,159108.0,1299,25.6,Chittagong,C,B,Type1,Cabin_A,S,Female,0,250.08
30.0,15723.0,68580,3.7,83759.0,0.0,,1948,28.5,Khulna,C,C,Type1,Cabin_E,S,Male,0,185.79
55.0,87162.0,59067,4.6,53891.0,3.0,385071.0,1409,15.1,Sylhet,C,C,,Cabin_G,S,Male,0,332.95
31.0,34483.0,76865,3.9,77562.0,0.0,389186.0,2796,21.3,Chittagong,A,C,,Cabin_D,S,Male,0,231.76
16.0,4009.0,54988,4.4,,5.0,188670.0,1706,24.7,Rajshahi,A,A,,,S,Female,0,216.42
32.0,,68469,3.9,,3.0,234296.0,1278,,Dhaka,Unknown,C,Type1,,S,Female,0,247.54
31.0,20341.0,44705,4.6,19238.0,1.0,399455.0,2319,22.5,Dhaka,B,B,,,C,Male,0,268.76
2.0,76831.0,59646,,,2.0,,2872,25.2,Rajshahi,A,A,Type2,,S,Female,0,241.57
34.0,61495.0,57384,3.4,60961.0,2.0,270030.0,2331,18.5,Chittagong,A,C,Type2,,S,Female,0,80.64
32.0,77703.0,63379,5.3,61172.0,2.0,457587.0,2102,30.3,Chittagong,C,C,Type3,,S,Male,0,262.48
43.0,,54457,4.2,92396.0,1.0,295220.0,2204,27.5,Dhaka,C,B,Type1,,Q,Female,0,296.13
57.0,29008.0,58027,4.0,104336.0,4.0,227322.0,2707,15.8,Chittagong,C,A,Type1,Cabin_D,C,Male,0,205.45
48.0,7976.0,72390,2.5,68186.0,1.0,212238.0,1562,17.1,Dhaka,B,A,Type3,,S,Male,0,328.03
,19889.0,53448,2.5,66485.0,,333271.0,1944,Unknown,Chittagong,B,B,Type2,,Q,Male,0,293.74
21.0,28459.0,35901,3.7,87503.0,0.0,166685.0,1773,25.9,Dhaka,A,C,Type1,Cabin_B,S,Female,0,273.44
65.0,4638.0,86243,3.6,41076.0,2.0,275266.0,1416,16.1,Dhaka,A,A,Type1,,Q,Male,0,199.3
35.0,,80721,3.0,80578.0,2.0,333323.0,1835,Unknown,Dhaka,C,C,,,S,Female,0,263.94
,45593.0,40616,3.6,88797.0,1.0,429914.0,2553,24.8,Dhaka,A,A,Type2,,S,Female,0,267.75
,66526.0,70345,,,4.0,366754.0,2283,22.2,Khulna,B,C,Type1,,S,Female,0,245.9
,320273.0,52455,4.1,26581.0,2.0,228593.0,2322,23.8,,B,C,Type2,,S,Female,0,294.57
,135237.0,63952,2.6,55966.0,4.0,417841.0,2073,17.2,Dhaka,B,B,Type2,Cabin_C,S,Male,0,231.96
28.0,51440.0,64413,3.4,,2.0,270048.0,2261,25.5,Chittagong,Unknown,B,Type2,,C,Male,0,236.42
28.0,27344.0,56483,2.9,77497.0,3.0,176429.0,1599,19.4,Chittagong,A,C,,Cabin_C,C,Female,0,216.68
34.0,50554.0,48243,3.2,87018.0,3.0,282795.0,1845,20.9,Dhaka,C,B,Type1,,S,Male,0,227.44
28.0,77007.0,49641,3.2,,1.0,443816.0,2096,23.7,Dhaka,A,B,,,S,Female,0,242.5
26.0,,46257,3.1,62625.0,0.0,316524.0,2138,23.0,Sylhet,A,B,Type2,,S,Female,0,240.69
36.0,26373.0,47522,2.5,62560.0,1.0,301252.0,2160,22.6,Rajshahi,B,A,Type3,Cabin_F,S,Male,0,238.45
,91567.0,58992,3.4,103741.0,2.0,463721.0,1930,18.7,Dhaka,A,C,Type2,Cabin_G,C,Female,1,296.2
53.0,24211.0,49263,3.1,,2.0,156864.0,1811,21.0,Chittagong,C,A,Type2,,S,Male,0,325.13
,42416.0,70230,1.2,106691.0,4.0,171440.0,3578,22.5,Dhaka,B,C,Type3,,C,Female,0,185.91
,44308.0,82308,5.1,82218.0,1.0,138415.0,2453,15.6,Dhaka,A,A,Type3,,S,Female,0,323.97
49.0,10196.0,51299,4.4,46072.0,3.0,,2206,20.2,Chittagong,A,C,Type1,Cabin_C,S,Female,0,283.72
10.0,22489.0,63591,3.2,41671.0,,316649.0,1883,24.4,Khulna,B,A,Type1,,S,Female,0,205.35
30.0,20361.0,67495,3.5,36212.0,4.0,454273.0,1774,16.1,Dhaka,C,B,Type2,Cabin_E,S,Male,0,233.51
30.0,1327.0,67080,2.6,91551.0,,324347.0,1934,28.3,Khulna,B,B,Type3,,S,Female,0,264.2
18.0,1224.0,61139,4.9,104714.0,2.0,259584.0,2146,28.8,Dhaka,B,C,,,C,Female,0,167.25
25.0,89099.0,71140,5.0,121234.0,3.0,300179.0,1059,16.3,Dhaka,C,B,Type2,,S,Male,0,245.66
,,67233,3.6,96077.0,0.0,311770.0,1215,29.3,Dhaka,B,C,,,S,Female,0,276.28
56.0,,41435,4.3,104070.0,1.0,132823.0,1681,21.8,Dhaka,A,B,Type3,Cabin_D,C,Female,0,212.78
46.0,17742.0,73037,3.6,60499.0,2.0,571033.0,2103,24.6,Khulna,B,B,Type2,,S,Female,1,176.01
,141239.0,73309,2.4,46089.0,3.0,351987.0,1880,20.0,Chittagong,B,C,Type2,,C,Female,0,259.93
43.0,15007.0,48550,,96251.0,2.0,321000.0,2739,Unknown,,C,A,Type3,Cabin_C,S,Female,0,360.41
21.0,28075.0,60569,3.6,85442.0,1.0,361516.0,1258,24.5,Sylhet,B,B,Type2,Cabin_D,S,Female,1,214.34
28.0,103072.0,70249,3.1,77686.0,1.0,370941.0,1624,18.4,Khulna,Unknown,B,Type3,,Q,Male,0,215.65
40.0,,56860,3.3,84684.0,0.0,285944.0,2760,16.7,Rajshahi,A,B,Type2,Cabin_C,C,Female,0,239.98
20.0,,76094,,83079.0,2.0,236875.0,2065,15.2,Sylhet,Unknown,B,Type2,,S,Male,0,328.49
,81137.0,95458,3.4,107095.0,2.0,359945.0,2442,23.4,Dhaka,B,B,Type1,Cabin_D,S,Female,0,167.38
32.0,30641.0,48210,3.5,107374.0,1.0,338571.0,3025,25.4,Khulna,C,A,,,Q,Male,1,288.49
30.0,32982.0,39284,2.7,88605.0,2.0,219010.0,1653,25.8,,A,C,Type3,,S,Male,0,226.45
43.0,,64557,2.9,96145.0,3.0,441903.0,1950,21.9,Khulna,B,C,Type2,Cabin_G,S,Male,0,230.76
,4201.0,70823,2.5,87851.0,2.0,329335.0,1863,16.7,Rajshahi,C,B,Type3,,C,Male,0,199.49
30.0,65086.0,56537,4.3,63470.0,2.0,372981.0,1022,,Dhaka,C,B,Type1,,C,Female,0,237.55
48.0,34304.0,81798,1.8,93914.0,3.0,439192.0,1844,28.3,Rajshahi,A,A,Type2,,C,Female,0,200.94
,28710.0,39920,4.4,40137.0,2.0,302188.0,2440,Unknown,,B,C,,Cabin_G,C,Female,0,222.88
42.0,65375.0,70393,4.6,,2.0,331695.0,2270,23.2,,A,A,Type2,,C,Male,0,126.73
,72517.0,50912,3.3,45136.0,1.0,381002.0,2309,17.1,Dhaka,Unknown,B,Type1,Cabin_G,C,Male,0,163.3
31.0,8652.0,85790,1.4,,4.0,227513.0,1812,24.2,,C,C,,,C,Male,0,266.84
38.0,47109.0,89887,3.2,53871.0,5.0,305405.0,1671,,,A,B,Type3,,S,Male,0,313.11
19.0,7271.0,48500,3.4,88834.0,1.0,312554.0,2634,27.7,Chittagong,C,C,Type1,Cabin_D,S,Male,0,411.49
,,51756,2.7,74151.0,1.0,204394.0,1751,26.4,Dhaka,Unknown,B,Type1,,C,Male,0,296.23
32.0,53494.0,72893,3.1,35131.0,4.0,531763.0,2147,20.0,Sylhet,B,A,,,Q,Male,0,224.27
28.0,156881.0,54193,4.7,85517.0,2.0,159270.0,2081,21.9,Dhaka,C,C,Type3,,S,Female,0,150.82
47.0,,59318,4.0,60551.0,4.0,170189.0,2730,19.7,Rajshahi,B,A,Type3,Cabin_B,S,Male,0,276.99
,2937.0,60380,,97028.0,3.0,431422.0,2485,15.4,Khulna,C,C,Type3,,Q,Female,0,177.37
,16577.0,31204,2.2,75033.0,2.0,371326.0,1352,18.2,Chittagong,A,A,,,S,Female,1,209.64
,,59792,3.2,84885.0,2.0,197403.0,1406,23.5,Dhaka,A,C,Type2,,S,Male,0,294.3
42.0,14183.0,49654,3.3,51060.0,0.0,360728.0,2289,,Rajshahi,B,A,Type1,Cabin_F,C,Male,0,264.71
19.0,,52603,3.9,60266.0,2.0,446785.0,1967,23.2,Khulna,A,B,Type1,,Q,Male,0,203.55
56.0,14353.0,81654,3.1,63534.0,0.0,296973.0,1772,21.0,Rajshahi,C,B,,,C,Male,1,164.68
10.0,,41152,3.9,96417.0,4.0,559882.0,2507,27.2,Dhaka,A,B,,,C,Female,0,260.61
55.0,,72198,5.0,,3.0,,2093,22.8,Khulna,B,B,Type3,Cabin_F,S,Male,0,266.78
37.0,29868.0,55815,4.2,54870.0,3.0,369382.0,2026,26.0,Dhaka,C,B,Type3,Cabin_D,Q,Female,0,325.19
33.0,74964.0,55803,3.5,101921.0,0.0,416652.0,2389,13.6,Chittagong,B,B,,,S,Male,0,125.39
28.0,3380.0,71855,3.4,20758.0,4.0,,1812,2.9,Khulna,B,B,,,Q,Female,0,255.91
39.0,33429.0,65100,3.2,45145.0,2.0,279564.0,2784,Unknown,Dhaka,Unknown,B,Type2,,S,Female,0,295.84
34.0,1709.0,68559,4.4,51030.0,,270955.0,1605,15.4,Rajshahi,C,B,Type3,Cabin_E,S,Female,0,228.99
48.0,3235.0,74522,3.0,41187.0,1.0,344414.0,2328,,Chittagong,A,A,Type1,,S,Female,0,170.17
,118456.0,55030,3.5,35410.0,3.0,,2716,21.0,Khulna,B,C,Type1,,S,Female,0,203.76
36.0,,50816,3.5,85324.0,2.0,360247.0,1311,30.4,Dhaka,Unknown,B,,Cabin_E,C,Male,0,251.87
30.0,,43722,3.1,69648.0,1.0,,1828,Unknown,Chittagong,B,A,,,Q,Male,0,225.65
34.0,26474.0,47618,2.4,84485.0,2.0,198113.0,2571,23.3,Khulna,B,B,Type3,,C,Male,0,265.19
38.0,21335.0,104236,3.8,92261.0,,277222.0,2578,26.7,Dhaka,A,C,Type3,,Q,Female,0,313.97
14.0,115045.0,78670,3.5,81640.0,2.0,,1914,24.3,Dhaka,A,A,Type3,,S,Male,0,230.03
,,39733,3.9,,3.0,261388.0,1632,20.2,Sylhet,C,B,Type1,Cabin_F,C,Female,0,310.99
43.0,54500.0,40163,3.1,73261.0,2.0,401522.0,2477,27.9,Dhaka,C,B,Type3,Cabin_C,C,Female,0,244.22
37.0,165377.0,67227,4.5,45325.0,1.0,310798.0,2591,17.0,Sylhet,Unknown,A,,Cabin_G,C,Male,0,266.95
,41068.0,68208,2.8,101445.0,0.0,,1417,24.1,Dhaka,C,C,Type3,Cabin_D,S,Female,0,244.14
35.0,138090.0,68233,4.9,60272.0,0.0,319340.0,1398,,Dhaka,A,B,Type1,,C,Male,0,268.24
39.0,2683.0,56175,2.1,51610.0,1.0,305969.0,2112,23.5,Rajshahi,A,A,Type3,,C,Female,0,276.94
28.0,,58118,3.8,70552.0,2.0,310618.0,2314,23.5,Rajshahi,Unknown,C,,,S,Male,0,282.09
25.0,15065.0,64918,3.9,52179.0,2.0,236219.0,1850,30.9,Chittagong,A,B,Type1,,C,Female,0,250.16
37.0,65618.0,61288,2.9,64564.0,2.0,294216.0,2339,14.7,Chittagong,A,C,Type2,,Q,Male,0,83.46
23.0,198953.0,26710,3.8,83601.0,,412778.0,1644,19.5,Khulna,Unknown,B,,,S,Male,0,279.78
,,56553,4.5,83708.0,1.0,,942,26.6,Dhaka,B,C,Type3,,C,Female,0,151.49
14.0,53091.0,47228,1.7,52554.0,2.0,220654.0,1788,24.2,,A,C,Type1,,C,Female,0,219.66
47.0,11038.0,62628,3.9,62807.0,0.0,207491.0,2031,23.4,Dhaka,C,A,Type2,,C,Female,0,130.44
40.0,41658.0,104778,1.5,101858.0,1.0,254979.0,1862,17.7,Chittagong,Unknown,C,Type2,,S,Male,0,334.93
38.0,,65512,2.7,87410.0,3.0,,1420,Unknown,Dhaka,A,B,Type1,,Q,Male,0,270.87
46.0,178787.0,55297,4.8,126876.0,0.0,419358.0,1092,28.7,Dhaka,C,A,Type2,,S,Female,0,233.71
54.0,46891.0,73827,3.0,104503.0,0.0,165951.0,1742,22.2,Chittagong,B,B,Type3,,S,Male,0,320.95
47.0,21501.0,67240,2.6,103607.0,1.0,268017.0,2448,24.4,Dhaka,B,A,Type1,,C,Male,1,276.6
,6057.0,66301,3.3,40303.0,1.0,314431.0,2628,21.9,Dhaka,Unknown,C,Type1,,C,Female,0,256.23
19.0,,69102,5.2,94096.0,0.0,116629.0,2593,16.6,Rajshahi,Unknown,B,Type1,,C,Male,0,269.76
27.0,12765.0,90848,2.0,73672.0,2.0,216640.0,1592,27.2,Chittagong,A,C,Type2,Cabin_D,S,Male,0,230.9
35.0,14448.0,43036,2.7,61225.0,2.0,232011.0,1423,25.0,Khulna,A,A,Type2,,S,Male,0,188.02
41.0,95061.0,67104,4.7,79200.0,2.0,220402.0,2248,34.0,Rajshahi,A,B,Type2,,Q,Female,0,298.04
26.0,41188.0,46104,5.0,98630.0,0.0,319188.0,2317,17.4,Dhaka,B,A,Type3,Cabin_B,S,Male,0,246.45
,37052.0,68332,3.4,87520.0,3.0,283944.0,2200,26.6,Chittagong,A,B,Type1,,C,Female,0,162.04
25.0,6095.0,46219,,53038.0,0.0,244471.0,992,15.9,Dhaka,B,C,Type2,,C,Male,0,275.37
27.0,98355.0,53739,5.2,93561.0,2.0,342796.0,1566,23.3,Rajshahi,A,C,Type2,,C,Male,0,252.04
18.0,64153.0,55573,4.8,59060.0,3.0,472307.0,1985,27.4,Sylhet,B,C,Type2,,S,Male,0,334.99
23.0,3503.0,74637,4.0,80417.0,4.0,463925.0,2243,12.1,Chittagong,A,C,Type3,Cabin_G,C,Male,0,263.43
18.0,61521.0,73776,2.9,67416.0,2.0,107722.0,2383,,Rajshahi,C,A,,,Q,Male,0,190.95
23.0,,41314,3.5,69528.0,,357707.0,2072,19.7,Dhaka,A,B,Type3,,S,Female,0,160.49
47.0,4262.0,60824,,94156.0,1.0,282197.0,2165,19.0,Chittagong,A,B,Type1,,S,Male,0,313.21
,30652.0,49356,3.8,48995.0,4.0,315515.0,2042,24.4,Khulna,C,B,Type1,,S,Male,0,246.82
66.0,33149.0,41122,4.7,123629.0,3.0,260171.0,2342,28.1,,C,A,Type1,,S,Male,0,206.71
40.0,9062.0,56744,,29472.0,3.0,311758.0,2156,21.8,Dhaka,A,B,Type2,Cabin_G,Q,Male,0,214.02
37.0,145659.0,55372,2.6,60058.0,2.0,315140.0,2032,Unknown,Chittagong,A,B,Type1,Cabin_G,Q,Female,0,314.92
24.0,94847.0,96400,4.6,84255.0,1.0,242104.0,1865,23.1,Rajshahi,C,B,Type1,Cabin_C,Q,Male,0,273.59
43.0,55285.0,66494,3.8,89607.0,3.0,210363.0,2040,22.5,Dhaka,B,C,Type2,,S,Male,0,304.86
28.0,31022.0,39335,4.0,72488.0,1.0,255130.0,2242,17.1,Sylhet,C,B,,,C,Male,0,262.26
36.0,26531.0,51528,4.7,73565.0,0.0,323425.0,2133,28.0,Dhaka,B,A,Type1,,S,Male,0,208.17
65.0,52630.0,75320,2.6,85263.0,3.0,359899.0,2190,24.0,,A,A,Type1,,C,Female,0,339.33
33.0,,91326,3.5,,2.0,385334.0,2671,24.5,,B,C,Type3,Cabin_G,C,Female,0,230.45
48.0,3214.0,36210,3.1,109829.0,3.0,250580.0,2132,18.5,Dhaka,C,C,,,Q,Male,0,290.22
26.0,,31801,2.2,95983.0,3.0,328384.0,1675,20.2,Rajshahi,Unknown,B,Type3,,C,Male,0,304.21
,82098.0,88064,3.8,96820.0,0.0,396250.0,2441,21.6,Dhaka,A,B,,,Q,Male,1,250.31
56.0,30738.0,65844,5.5,50846.0,3.0,416559.0,1316,Unknown,Dhaka,B,C,,,Q,Male,0,194.34
27.0,2667.0,46975,2.0,73015.0,2.0,294116.0,1459,14.1,Dhaka,A,B,Type1,,Q,Male,0,216.09
56.0,77154.0,68019,3.5,,2.0,277906.0,2167,19.5,Sylhet,B,C,Type2,,S,Female,0,283.86
43.0,,20463,4.0,49859.0,3.0,319112.0,2258,25.1,Chittagong,C,C,,,C,Female,0,276.69
28.0,14962.0,60050,3.6,84004.0,1.0,185029.0,1377,19.2,Rajshahi,B,B,Type2,,C,Male,0,315.03
42.0,8998.0,64917,3.4,,1.0,280639.0,1808,17.4,Dhaka,Unknown,B,,,S,Male,0,306.96
46.0,20039.0,73864,2.5,91385.0,2.0,374458.0,1696,Unknown,Chittagong,B,A,Type1,,S,Male,0,202.35
42.0,70683.0,44791,3.7,48245.0,1.0,364194.0,1756,20.2,,Unknown,A,Type3,,C,Female,0,322.18
16.0,36634.0,61285,2.9,117976.0,0.0,272973.0,2471,20.7,Sylhet,C,C,,Cabin_F,S,Male,0,198.69
,11463.0,46118,1.7,52591.0,,321771.0,2353,33.3,Rajshahi,A,C,,Cabin_B,S,Male,0,279.74
32.0,105117.0,63830,4.5,80482.0,4.0,,1990,27.8,Rajshahi,A,C,Type2,Cabin_C,C,Female,0,371.07
34.0,105839.0,46569,,94796.0,,370349.0,1727,27.6,Dhaka,B,B,Type3,Cabin_B,Q,Female,0,265.62
,,53878,3.5,60733.0,0.0,292217.0,1325,28.3,Chittagong,A,A,Type2,,C,Male,0,161.06
37.0,,45062,,,,272404.0,2710,17.5,Chittagong,B,A,Type2,,S,Male,0,233.71
18.0,30004.0,69767,4.4,44270.0,5.0,263827.0,2296,16.4,Sylhet,B,B,Type3,,S,Male,0,358.74
39.0,209950.0,72876,3.7,111302.0,4.0,293710.0,1646,17.0,Dhaka,Unknown,B,,Cabin_F,S,Male,0,239.65
42.0,73923.0,56480,4.2,75353.0,4.0,255212.0,2359,29.2,Dhaka,B,B,Type1,,S,Female,0,316.35
41.0,1377.0,60573,3.3,60089.0,4.0,365814.0,1964,19.8,Chittagong,C,A,Type1,,S,Female,0,202.17
47.0,3371.0,38271,4.5,67520.0,3.0,260471.0,1856,16.2,Dhaka,Unknown,C,,,Q,Male,0,232.22
45.0,31174.0,55504,3.8,95222.0,2.0,459296.0,2217,20.3,Dhaka,C,B,Type3,,S,Female,0,239.21
,119965.0,59246,3.7,60388.0,1.0,446521.0,1629,21.3,Khulna,A,C,Type2,,S,Male,0,347.55
34.0,,99311,2.5,56266.0,,210845.0,1828,23.8,Chittagong,B,B,Type2,,S,Female,0,234.7
15.0,34439.0,43320,3.7,69461.0,1.0,306970.0,2060,23.8,Khulna,A,A,Type2,,S,Male,0,155.73
40.0,,81962,2.8,45575.0,0.0,234934.0,1750,18.4,Khulna,B,C,,Cabin_B,S,Male,0,369.1
37.0,53469.0,74952,3.0,,1.0,267335.0,2334,25.9,Dhaka,B,C,Type3,,S,Female,1,261.37
,86327.0,64209,,60840.0,,500242.0,2934,19.3,Chittagong,C,B,Type1,,Q,Female,0,282.73
19.0,23935.0,86379,2.6,95790.0,0.0,269242.0,1622,21.7,Dhaka,B,B,,,S,Female,0,169.66
22.0,74718.0,65581,5.2,80236.0,1.0,336022.0,1167,25.9,Khulna,B,A,Type3,Cabin_E,S,Female,0,262.89
47.0,,65837,4.6,50386.0,,354132.0,999,19.3,Chittagong,Unknown,B,,,S,Female,0,250.95
34.0,,59203,5.0,,1.0,199937.0,1924,Unknown,Dhaka,A,C,Type1,,S,Male,0,201.69
43.0,37046.0,78353,2.5,94600.0,2.0,214490.0,1668,25.5,Dhaka,B,A,Type1,Cabin_D,S,Male,0,283.4
35.0,16923.0,76447,3.6,70293.0,1.0,179397.0,2103,18.2,Chittagong,C,A,Type2,,S,Female,0,164.68
35.0,78716.0,50614,2.5,,2.0,211402.0,2066,20.6,Dhaka,A,C,Type2,Cabin_E,S,Male,1,201.33
46.0,,40211,2.9,100537.0,3.0,14996.0,1198,25.3,Dhaka,B,A,,Cabin_B,C,Male,0,310.6
28.0,50335.0,56955,2.8,97972.0,1.0,354458.0,1092,32.8,Rajshahi,A,B,Type2,Cabin_G,S,Male,0,213.71
36.0,79953.0,47999,4.5,63508.0,5.0,505419.0,2147,25.5,Khulna,C,B,Type2,,S,Male,0,225.33
29.0,25206.0,59047,3.2,48003.0,5.0,314782.0,2067,24.9,Dhaka,A,B,Type3,,S,Female,0,254.5
,123308.0,78561,,59660.0,1.0,158373.0,1787,25.2,Chittagong,A,B,Type1,,S,Male,0,231.4
31.0,38074.0,53140,4.0,,0.0,235722.0,1171,17.1,Khulna,B,A,Type2,,S,Male,0,284.54
,8596.0,59357,5.3,88644.0,1.0,254112.0,2235,23.1,Dhaka,A,A,Type3,,S,Male,0,258.8
29.0,59519.0,60870,,20710.0,3.0,198241.0,2635,22.4,Khulna,A,C,Type2,,S,Male,0,174.67
,78814.0,72726,4.5,74797.0,1.0,386018.0,2138,24.1,Dhaka,B,C,,,S,Female,0,213.26
,19045.0,26296,4.4,78952.0,0.0,381026.0,1576,23.1,Rajshahi,B,B,Type2,,S,Male,0,207.85
32.0,97308.0,50899,2.7,68061.0,3.0,184454.0,2022,24.4,Chittagong,B,B,Type3,,S,Male,0,226.83
,118299.0,63169,4.3,107281.0,2.0,372508.0,1316,20.9,Chittagong,B,A,,,S,Male,0,255.6
52.0,,78001,3.8,,0.0,452681.0,2528,22.8,Khulna,B,A,,,Q,Female,0,265.31
37.0,205284.0,52621,3.3,107754.0,0.0,490255.0,2040,16.4,Dhaka,C,C,,,C,Female,0,131.6
47.0,,31851,,69600.0,1.0,586521.0,1115,20.9,Dhaka,A,B,Type1,,C,Male,0,301.25
17.0,11283.0,69295,2.9,98436.0,2.0,209800.0,1849,29.5,Chittagong,A,B,Type2,Cabin_A,Q,Male,0,245.46
,,50469,5.1,115876.0,1.0,,2231,24.1,Khulna,C,A,Type1,Cabin_E,Q,Female,0,193.98
45.0,112210.0,42155,3.5,107792.0,,264579.0,1833,22.4,Dhaka,C,A,,,C,Male,0,297.62
35.0,53108.0,50634,4.1,47696.0,3.0,240753.0,1862,32.0,Khulna,A,B,Type3,Cabin_D,C,Female,0,144.72
,,57232,2.9,68658.0,0.0,332707.0,1387,15.7,Dhaka,B,C,,Cabin_C,S,Male,0,171.21
,29019.0,50928,2.9,66370.0,2.0,241793.0,2283,17.0,Dhaka,B,C,,,S,Male,0,356.46
51.0,,26916,4.4,87231.0,,339904.0,1675,31.1,Rajshahi,B,C,,Cabin_G,C,Female,0,257.32
,4357.0,73455,2.4,92158.0,1.0,167992.0,921,22.7,Dhaka,C,C,Type3,,Q,Male,0,213.14
30.0,107030.0,79123,3.2,54027.0,3.0,276124.0,1814,21.3,Chittagong,A,C,Type2,,S,Male,0,255.42
29.0,81380.0,69772,3.5,,2.0,428558.0,2490,16.5,Dhaka,C,B,Type1,,C,Male,0,240.92
,35180.0,42934,3.6,24501.0,3.0,294293.0,1806,24.7,Dhaka,A,A,,,S,Female,0,251.79
,170754.0,56977,,111048.0,3.0,314159.0,2868,25.2,Chittagong,B,C,Type3,Cabin_A,S,Female,0,274.46
28.0,27043.0,59902,3.8,62190.0,5.0,347525.0,2214,Unknown,Chittagong,C,A,Type2,Cabin_D,S,Male,0,240.1
29.0,207104.0,68981,4.1,76396.0,2.0,,2169,21.8,,B,A,,,S,Male,0,267.73
31.0,55118.0,70025,4.1,67258.0,0.0,134477.0,1935,20.8,Chittagong,A,A,Type3,,S,Male,0,242.1
18.0,50347.0,48987,2.7,103650.0,1.0,358452.0,1965,Unknown,Dhaka,Unknown,B,,,C,Male,0,208.96
,9073.0,61229,3.3,4062.0,,273186.0,1868,16.9,Chittagong,C,B,Type2,,Q,Female,0,194.7
22.0,106822.0,66859,4.5,,2.0,316663.0,1848,28.8,Sylhet,C,A,Type3,Cabin_G,Q,Female,0,315.95
25.0,27886.0,81837,4.2,72354.0,3.0,405995.0,2265,27.1,Khulna,B,B,Type1,,S,Female,0,282.37
34.0,8850.0,70567,2.4,63659.0,4.0,180581.0,1532,20.7,Dhaka,A,C,Type1,,Q,Male,0,301.85
37.0,,71835,3.8,118155.0,0.0,198735.0,1462,21.4,Dhaka,Unknown,B,,,S,Male,0,250.19
53.0,41021.0,61257,1.9,52816.0,1.0,106457.0,1438,21.8,Sylhet,B,C,,,S,Female,0,261.28
,37475.0,81156,3.5,94294.0,,245084.0,3022,18.6,Chittagong,C,A,Type3,,C,Male,0,241.08
46.0,,66146,5.0,,2.0,433043.0,2265,20.3,Chittagong,A,A,,Cabin_C,S,Male,0,307.87
32.0,110481.0,47083,2.7,106537.0,3.0,287941.0,2152,21.1,Rajshahi,A,B,,Cabin_G,S,Female,0,232.76
,4136.0,81050,2.8,58320.0,1.0,,1471,Unknown,Dhaka,Unknown,B,,,S,Male,1,200.8
43.0,65744.0,70468,4.1,56675.0,1.0,251432.0,2311,27.2,Chittagong,B,B,Type3,,C,Female,0,276.06
21.0,10376.0,53354,2.3,102401.0,2.0,151213.0,1941,27.2,Sylhet,A,C,Type1,Cabin_B,S,Male,0,242.39
39.0,97658.0,52807,3.0,85633.0,0.0,187481.0,2107,24.3,Rajshahi,A,C,Type2,,C,Male,0,262.5
,,64448,4.0,36376.0,,338881.0,1511,16.9,Dhaka,B,C,Type3,Cabin_D,,Male,0,285.56
40.0,,66947,3.0,61517.0,3.0,,2080,22.3,Dhaka,A,B,Type2,,C,Male,0,221.04
38.0,,62959,3.3,,3.0,411263.0,1788,27.4,Dhaka,B,A,Type2,Cabin_B,Q,Male,0,239.05
64.0,18869.0,64669,4.1,95944.0,3.0,292887.0,1617,16.2,Rajshahi,B,B,Type3,Cabin_C,S,Female,0,234.48
,,85499,3.8,58019.0,,308559.0,2367,25.7,Dhaka,C,A,,,S,Female,0,314.34
28.0,86196.0,76073,3.7,2143.0,5.0,272162.0,1231,34.1,Dhaka,B,A,Type3,Cabin_G,S,Male,0,250.72
27.0,30741.0,62859,3.2,88080.0,3.0,377284.0,2282,27.8,Sylhet,Unknown,A,Type1,,S,Male,0,257.82
28.0,22142.0,74119,3.8,44491.0,1.0,378315.0,2342,29.6,Dhaka,A,B,Type1,,C,Female,0,192.18
27.0,34081.0,44512,3.4,24566.0,4.0,333505.0,1560,23.6,Dhaka,B,A,Type1,,S,Female,0,286.54
49.0,88085.0,65968,3.9,,2.0,356478.0,1589,27.3,Dhaka,A,A,Type2,,S,Male,0,271.41
,20414.0,87139,3.1,,2.0,278791.0,1888,,Dhaka,C,B,,Cabin_G,C,Female,0,208.24
28.0,9543.0,56729,3.4,78215.0,0.0,354220.0,2141,26.5,Chittagong,Unknown,B,,,C,Female,1,346.15
25.0,62242.0,47285,,,1.0,266212.0,1923,25.8,Sylhet,C,C,,,C,Female,0,266.86
,87428.0,50218,3.5,109725.0,2.0,300223.0,2216,23.9,Khulna,B,B,,,C,Male,0,218.82
28.0,5303.0,43655,,90933.0,1.0,272535.0,2881,29.1,Chittagong,B,A,,Cabin_E,C,Female,0,249.86
42.0,13713.0,48228,2.6,115407.0,3.0,254278.0,1746,19.8,Chittagong,C,A,Type1,,C,Female,0,231.57
37.0,7655.0,54442,3.7,40181.0,5.0,231088.0,1142,21.6,Chittagong,Unknown,A,Type1,,S,Female,0,327.19
16.0,21381.0,38916,,74136.0,,346769.0,2412,,Dhaka,Unknown,C,Type2,,Q,Female,0,296.66
,29923.0,60234,,34582.0,2.0,431060.0,2841,17.4,Dhaka,B,C,Type2,Cabin_F,S,Male,0,272.7
,69080.0,73534,3.2,69265.0,2.0,417110.0,2196,23.6,Sylhet,Unknown,A,Type3,,S,Female,0,335.84
27.0,52655.0,46383,3.8,68784.0,1.0,174343.0,1456,Unknown,Dhaka,A,B,,,S,Female,0,198.09
30.0,48501.0,82789,3.9,90665.0,1.0,428920.0,1938,27.7,,A,C,,,C,Female,0,288.79
38.0,,67661,3.9,76139.0,3.0,268184.0,1440,22.7,,A,B,Type3,,Q,Male,0,277.36
39.0,92083.0,75458,,90585.0,4.0,360073.0,2321,19.9,Chittagong,A,C,Type3,Cabin_E,S,Male,0,238.48
42.0,31865.0,50132,3.6,92586.0,,209378.0,1324,,Dhaka,C,A,Type1,,S,Male,0,238.7
,193412.0,72817,3.8,128873.0,4.0,314197.0,1849,21.3,Dhaka,C,A,,,Q,Female,0,296.16
32.0,50275.0,43620,3.5,67117.0,2.0,331372.0,1497,25.9,Dhaka,C,C,,,Q,Female,0,292.49
25.0,,73353,1.8,51474.0,3.0,151539.0,2063,25.2,Rajshahi,B,B,Type3,,S,Female,0,178.89
18.0,,62577,3.6,81152.0,2.0,360826.0,1816,19.0,Dhaka,B,B,Type1,,S,Male,0,340.82
26.0,19659.0,68298,5.3,54942.0,3.0,434593.0,2088,18.3,Chittagong,C,B,Type2,Cabin_A,C,Female,0,307.14
34.0,57970.0,42366,3.2,112049.0,2.0,282535.0,2011,25.8,Chittagong,B,B,Type2,,S,Female,1,235.92
56.0,3609.0,46573,2.9,67919.0,3.0,436016.0,1506,18.9,Khulna,C,C,Type2,,Q,Male,0,210.44
,9611.0,68958,3.8,60860.0,0.0,281030.0,2313,22.8,Dhaka,C,A,Type1,,S,Female,0,305.52
37.0,96805.0,45774,,63217.0,2.0,384958.0,1975,23.1,Dhaka,C,B,,Cabin_G,S,Female,0,274.82
34.0,12885.0,66948,4.5,92960.0,2.0,78143.0,1505,24.1,Chittagong,B,C,Type2,Cabin_F,S,Male,0,285.82
49.0,,39492,2.5,,3.0,541877.0,3120,26.8,Rajshahi,C,B,Type1,Cabin_G,S,Male,0,278.54
65.0,16374.0,72722,4.1,58958.0,2.0,,2238,16.2,Dhaka,A,B,,,S,Male,0,310.73
,,41512,4.0,116633.0,0.0,271537.0,1923,12.9,Chittagong,B,C,,,S,Male,0,292.8
29.0,59233.0,68284,3.4,53595.0,1.0,102791.0,2707,19.7,Dhaka,C,C,Type1,,C,Male,0,223.31
,35939.0,69384,3.8,75889.0,4.0,328802.0,2920,Unknown,Dhaka,B,B,Type3,Cabin_B,S,Female,0,220.38
,,49548,4.3,,,155607.0,1927,32.6,Chittagong,C,B,Type2,Cabin_B,Q,Male,0,267.8
57.0,11953.0,68730,4.2,34216.0,2.0,344485.0,2173,31.7,Dhaka,A,C,,Cabin_A,S,Female,0,364.49
42.0,1687.0,63906,,87006.0,,341156.0,1505,21.5,Khulna,B,C,Type2,,C,Female,0,242.51
30.0,18116.0,51917,4.2,48622.0,2.0,205859.0,1926,13.6,Chittagong,C,C,Type3,,S,Male,0,268.16
42.0,52944.0,44871,3.4,95569.0,1.0,412096.0,1900,10.8,Chittagong,B,B,,,S,Male,0,294.73
48.0,139277.0,30560,3.6,50933.0,2.0,380557.0,2092,19.4,Chittagong,B,B,Type2,,S,Female,0,229.04
44.0,,65244,3.6,92319.0,1.0,397582.0,2166,21.5,Chittagong,A,B,Type2,Cabin_F,S,Female,0,289.87
41.0,72635.0,36527,3.4,102645.0,2.0,,2279,29.0,Dhaka,A,C,,,C,Female,0,250.7
47.0,77664.0,61430,4.5,96535.0,1.0,,2118,26.8,Khulna,C,C,Type2,,C,Male,0,312.49
49.0,54678.0,56048,3.4,81282.0,3.0,397787.0,1394,23.6,Sylhet,A,A,Type1,,C,Female,0,202.77
51.0,15074.0,70187,2.6,69217.0,1.0,272962.0,1530,18.1,Dhaka,C,B,Type1,Cabin_C,S,Male,0,365.69
42.0,118862.0,55469,3.2,60589.0,2.0,161021.0,1726,,Dhaka,C,B,Type2,,Q,Female,0,234.38
32.0,55544.0,55058,3.6,111775.0,1.0,435203.0,1858,23.8,Dhaka,A,C,Type2,Cabin_F,C,Female,0,276.07
36.0,41099.0,70978,4.5,57512.0,0.0,509940.0,2525,26.0,Rajshahi,C,B,Type1,Cabin_C,Q,Female,0,250.24
49.0,5882.0,65025,4.0,49073.0,,295875.0,1418,24.5,Rajshahi,B,B,Type2,,C,Male,0,196.07
25.0,29624.0,64742,2.8,91634.0,2.0,515912.0,1821,17.3,Khulna,A,A,Type2,,S,Male,1,291.66
,30842.0,67039,5.5,55096.0,0.0,309131.0,2476,25.8,Rajshahi,A,B,Type3,Cabin_D,S,Female,0,236.78
,99962.0,36966,3.7,51248.0,2.0,261954.0,1850,24.6,Chittagong,B,A,Type1,,S,Female,0,276.29
,39554.0,71351,4.5,38909.0,2.0,236954.0,2230,17.1,Chittagong,C,C,,,C,Female,0,209.74
,,69187,3.4,62927.0,0.0,463708.0,1930,18.6,Rajshahi,B,C,Type3,,S,Male,0,237.01
37.0,188180.0,44749,3.9,72932.0,1.0,221985.0,2128,25.9,,B,B,Type2,,C,Male,0,235.28
,,56338,4.2,,2.0,373526.0,1885,21.3,Chittagong,C,B,Type1,,S,Male,0,277.53
18.0,27456.0,59410,4.5,98782.0,0.0,,2333,30.4,Chittagong,C,C,Type3,Cabin_B,S,Male,0,265.39
43.0,,57982,4.3,88172.0,4.0,253969.0,1227,25.0,Chittagong,B,A,Type2,,S,Male,0,241.17
,,65007,4.2,,4.0,,1818,20.1,Chittagong,C,A,Type2,,S,Female,0,231.5
60.0,125098.0,81470,3.2,70045.0,1.0,261996.0,2148,22.4,Chittagong,A,C,Type3,,C,Female,0,265.75
31.0,16427.0,76226,,87753.0,,,2266,22.8,Rajshahi,C,C,Type3,,S,Female,0,259.89
37.0,97716.0,40316,3.8,106814.0,3.0,413280.0,2746,18.9,Chittagong,B,C,Type2,,C,Male,0,256.45
,17280.0,69331,4.2,78157.0,4.0,,1804,17.9,Chittagong,C,A,Type1,Cabin_B,S,Female,0,348.47
,120826.0,79933,3.3,63271.0,3.0,364468.0,2739,26.0,Rajshahi,B,A,Type1,,S,Male,0,277.6
33.0,70113.0,65802,4.4,50178.0,1.0,234523.0,1670,26.7,Chittagong,A,A,Type1,Cabin_E,C,Male,0,346.2
38.0,81713.0,76364,4.7,38869.0,3.0,248939.0,2664,25.5,Dhaka,B,A,Type1,,S,Female,0,246.52
42.0,908.0,90184,2.8,91656.0,1.0,307991.0,2408,30.1,Dhaka,B,C,,Cabin_A,C,Female,0,247.58
37.0,,75355,2.8,,1.0,332093.0,1543,19.8,Chittagong,C,A,,,C,Male,0,224.73
29.0,64853.0,63739,3.4,89434.0,1.0,201213.0,2153,30.9,Chittagong,B,C,Type3,,Q,Male,0,265.1
,18174.0,75676,3.7,71783.0,3.0,372303.0,1974,18.0,Sylhet,C,A,,,S,Female,0,233.72
47.0,88420.0,62173,3.1,110173.0,0.0,308551.0,2312,17.4,Dhaka,C,B,Type2,,S,Male,0,226.59
22.0,,60358,4.6,62897.0,3.0,128429.0,1888,13.7,Dhaka,C,C,Type1,,C,Male,0,154.98
36.0,103081.0,54728,3.8,98881.0,0.0,207107.0,1846,20.3,Dhaka,A,A,Type1,,C,Male,0,323.29
,,83451,,74031.0,,,2684,20.0,Dhaka,Unknown,B,Type1,,C,Female,0,230.84
49.0,,47723,2.4,59791.0,0.0,292714.0,1950,25.1,Rajshahi,C,B,Type3,,S,Male,0,323.75
16.0,38902.0,82985,2.4,89813.0,0.0,488927.0,2413,23.7,Dhaka,C,A,Type1,Cabin_D,S,Male,0,245.19
28.0,,67497,,85240.0,0.0,323817.0,1887,16.5,Chittagong,A,B,Type3,Cabin_B,S,Male,0,282.23
39.0,13846.0,39010,1.8,83924.0,1.0,215922.0,2833,,Rajshahi,B,B,Type2,Cabin_C,C,Male,0,253.71
53.0,624.0,65514,4.3,77031.0,,322063.0,1660,20.6,Chittagong,A,B,,Cabin_B,S,Male,0,270.74
34.0,,28499,3.4,74052.0,3.0,264791.0,1692,13.6,Khulna,B,C,,Cabin_G,S,Male,0,199.55
28.0,17924.0,69382,6.1,,1.0,,2762,17.6,Chittagong,A,B,,,C,Male,0,309.12
57.0,45609.0,73278,,104606.0,,358056.0,1777,18.6,Dhaka,B,A,Type3,,S,Female,0,231.66
17.0,17636.0,51114,3.4,93070.0,3.0,420923.0,2800,29.7,Khulna,B,B,Type3,,S,Female,0,296.28
8.0,17827.0,61853,3.4,77794.0,2.0,297571.0,2445,23.5,Khulna,B,A,Type2,Cabin_G,S,Female,0,176.97
40.0,67971.0,89312,4.3,100178.0,1.0,463896.0,1922,25.8,Dhaka,B,B,Type2,Cabin_G,S,Male,0,212.27
28.0,2467.0,52413,4.9,87949.0,,390802.0,1093,15.0,Dhaka,C,B,Type1,Cabin_A,S,Female,0,268.59
22.0,116598.0,44116,2.2,75655.0,3.0,229256.0,1990,28.5,Dhaka,A,A,Type3,Cabin_F,S,Female,0,241.82
43.0,95616.0,82224,2.1,67410.0,3.0,520985.0,2050,29.0,Dhaka,C,C,,,S,Male,0,272.84
,55101.0,89438,3.0,72977.0,1.0,332699.0,2583,12.5,Sylhet,A,C,,Cabin_C,S,Female,0,260.38
28.0,44974.0,60055,4.0,-4260.0,2.0,216487.0,2794,19.0,Chittagong,A,C,Type2,,S,Male,0,341.4
19.0,111421.0,75171,3.9,80265.0,3.0,465291.0,1657,25.0,Dhaka,A,B,Type2,,C,Male,0,277.02
,10248.0,80122,4.4,62788.0,2.0,507777.0,2400,25.7,Khulna,C,B,Type2,Cabin_G,S,Male,0,228.37
42.0,4113.0,48862,2.5,114816.0,,296697.0,2382,19.1,Chittagong,B,C,Type1,Cabin_A,S,Female,0,230.34
33.0,13689.0,52720,1.6,75483.0,2.0,249634.0,2536,21.0,Dhaka,C,B,Type2,,S,Male,1,310.21
57.0,79134.0,78463,4.2,45275.0,1.0,282762.0,2249,19.5,Sylhet,B,C,Type3,,S,Female,0,173.58
,1764.0,85275,2.8,73752.0,2.0,371473.0,1028,23.1,Khulna,A,A,Type2,,S,Male,1,277.96
16.0,,68443,1.9,,4.0,427785.0,1922,28.5,Khulna,C,A,,,S,Male,0,194.21
26.0,269494.0,46802,3.6,86835.0,1.0,357048.0,1422,18.6,Chittagong,A,C,Type3,Cabin_F,C,Female,0,305.46
34.0,96791.0,89805,4.1,82273.0,0.0,310172.0,1898,27.5,Rajshahi,C,C,Type1,Cabin_C,S,Male,0,228.39
37.0,,52035,3.4,98945.0,1.0,449801.0,2490,18.6,Dhaka,A,C,Type1,Cabin_D,C,Female,1,276.31
,3287.0,54972,3.1,55227.0,4.0,,2152,Unknown,Chittagong,A,C,Type1,,S,Male,0,251.86
39.0,89003.0,65135,3.4,75850.0,2.0,403091.0,2574,26.6,,C,A,Type2,,S,Male,0,180.67
19.0,,83312,,40874.0,0.0,271193.0,2170,27.1,Dhaka,Unknown,A,,,S,Male,0,282.02
52.0,6104.0,72809,2.4,92537.0,1.0,343102.0,1350,26.8,Rajshahi,B,C,Type2,Cabin_A,C,Male,0,213.96
34.0,4927.0,66222,2.9,87971.0,0.0,288643.0,739,15.9,Chittagong,C,A,Type3,Cabin_B,S,Male,0,290.09
48.0,120190.0,66949,3.9,87395.0,3.0,,2074,20.2,Dhaka,A,B,Type1,Cabin_A,S,Male,0,199.9
39.0,55312.0,60652,3.8,75040.0,1.0,262261.0,1893,26.6,Rajshahi,C,B,Type3,,S,Male,1,262.1
40.0,88388.0,68372,3.6,85369.0,2.0,434485.0,1511,22.7,Dhaka,C,A,Type1,Cabin_F,S,Male,0,251.95
41.0,,22056,2.7,115108.0,2.0,226707.0,1149,17.1,Chittagong,A,A,Type3,,Q,Female,0,219.87
40.0,42405.0,55550,3.4,67872.0,3.0,,1632,24.8,,A,B,Type2,,S,Female,0,318.99
42.0,,63619,1.8,78466.0,2.0,512099.0,1902,,Sylhet,A,C,Type3,,C,Female,0,251.68
50.0,28143.0,42734,3.6,47846.0,1.0,397784.0,2332,31.5,Dhaka,B,C,Type2,Cabin_G,C,Male,0,228.92
37.0,19059.0,65794,4.6,53293.0,4.0,61488.0,2094,30.2,Dhaka,A,B,Type2,,S,Female,0,264.94
43.0,28510.0,56932,2.3,77445.0,2.0,243474.0,2804,25.5,Dhaka,B,B,Type1,,S,Female,0,177.22
33.0,74334.0,86332,3.0,102598.0,2.0,,1482,29.3,Sylhet,Unknown,A,Type3,,C,Male,0,372.58
52.0,46055.0,83595,3.8,68592.0,1.0,204930.0,2440,22.8,Rajshahi,A,A,Type1,,S,Female,0,195.72
26.0,111524.0,53012,4.5,69102.0,4.0,-13851.0,2023,26.3,Rajshahi,B,B,Type1,Cabin_F,S,Male,0,277.59
56.0,,57737,3.1,,1.0,286301.0,2347,29.9,Chittagong,B,A,,,C,Female,0,253.06
34.0,46708.0,58890,,61631.0,,185805.0,1781,23.7,Chittagong,Unknown,A,Type3,Cabin_D,C,Female,1,309.02
,49889.0,53225,1.9,82374.0,2.0,305990.0,2535,21.2,Dhaka,B,B,Type1,Cabin_C,C,Female,0,258.9
36.0,44787.0,62925,3.6,37568.0,1.0,137487.0,2147,14.0,Chittagong,B,B,Type3,,C,Female,0,218.09
26.0,60639.0,48625,,107023.0,1.0,308291.0,1660,22.1,Dhaka,B,A,Type3,,S,Female,0,157.1
45.0,13553.0,43040,3.7,58364.0,0.0,258508.0,1993,,Sylhet,A,B,,,S,Male,0,160.99
27.0,35909.0,69340,3.5,93047.0,1.0,450195.0,1880,27.2,Rajshahi,A,B,,,S,Female,0,238.1
29.0,5503.0,69442,3.8,43250.0,1.0,441135.0,2244,25.0,Chittagong,B,A,Type3,Cabin_B,C,Male,0,318.52
12.0,24266.0,47935,3.5,91721.0,1.0,378534.0,1410,Unknown,Dhaka,A,C,,,Q,Female,0,166.39
29.0,33439.0,73430,2.8,91798.0,3.0,267338.0,1985,12.6,Rajshahi,B,A,Type2,Cabin_B,S,Male,0,342.47
5.0,52809.0,50526,4.2,84605.0,2.0,498538.0,2197,,Dhaka,A,C,,Cabin_B,S,Female,0,304.35
15.0,150320.0,63797,3.7,50139.0,3.0,144696.0,2016,,Dhaka,B,A,,,S,Female,0,182.56
44.0,45895.0,72305,3.5,81238.0,0.0,159644.0,2673,20.9,Dhaka,A,C,Type3,,Q,Female,0,195.74
44.0,68049.0,59495,2.7,45423.0,1.0,291621.0,2387,25.6,Chittagong,Unknown,A,Type1,,S,Female,0,200.78
,35287.0,66821,4.5,68680.0,,525403.0,1996,32.4,Rajshahi,C,C,Type1,Cabin_G,S,Female,0,264.96
23.0,50270.0,52253,4.0,100735.0,,279766.0,2108,23.1,Dhaka,A,B,Type1,,Q,Male,0,247.19
34.0,3678.0,57053,3.1,94917.0,5.0,,2147,21.4,Dhaka,A,C,Type2,Cabin_D,C,Female,0,245.32
34.0,14677.0,56912,4.3,,3.0,155808.0,2201,21.2,Chittagong,B,B,Type1,,S,Female,0,224.77
21.0,22459.0,48801,3.1,50629.0,,394592.0,1087,23.1,Rajshahi,A,A,,,Q,Male,0,258.91
53.0,31979.0,57348,2.9,91139.0,2.0,395317.0,1849,18.4,Dhaka,B,C,Type2,,S,Female,0,291.86
45.0,2336.0,36770,2.9,75484.0,2.0,378907.0,1257,23.1,Dhaka,A,A,Type3,,S,Female,0,243.59
32.0,7542.0,52632,,16992.0,2.0,237077.0,2639,24.8,Sylhet,Unknown,C,Type3,,S,Female,0,216.87
35.0,16204.0,55726,3.9,94565.0,,229329.0,1969,23.5,Sylhet,C,A,Type3,,C,Female,0,299.61
37.0,,56157,2.0,74394.0,2.0,170687.0,1903,24.8,Sylhet,B,B,Type1,,C,Female,0,238.93
10.0,20124.0,56377,2.5,105061.0,1.0,308387.0,2448,24.7,Khulna,B,C,Type1,Cabin_E,S,Male,0,277.6
32.0,32892.0,59073,1.8,47618.0,2.0,191959.0,2211,,Dhaka,Unknown,B,,,Q,Female,0,245.01
26.0,10913.0,67191,3.4,-4417.0,2.0,182258.0,1435,25.7,Dhaka,Unknown,A,Type2,,S,Male,0,304.25
22.0,47180.0,73117,3.4,81977.0,4.0,257630.0,1964,19.1,Dhaka,Unknown,C,Type2,Cabin_G,C,Female,0,311.66
31.0,16472.0,50253,3.2,82289.0,4.0,,1832,17.0,Dhaka,A,C,Type1,,C,Female,0,309.92
56.0,11596.0,41951,2.7,32733.0,2.0,,1127,17.0,Sylhet,A,C,Type1,Cabin_D,S,Male,0,222.41
42.0,,44369,2.6,50537.0,2.0,346644.0,1654,24.7,Rajshahi,C,B,Type2,,S,Female,0,221.89
,276.0,52691,3.9,143880.0,4.0,307904.0,1908,Unknown,Rajshahi,B,B,,,Q,Female,0,293.69
41.0,384.0,54721,3.1,,2.0,271184.0,1942,14.1,Dhaka,A,B,Type3,,S,Male,0,246.77
